mlbam_id,player_name,team,season,vs_rhp_pa,vs_rhp_so,vs_rhp_k_pct,vs_lhp_pa,vs_lhp_so,vs_lhp_k_pct,overall_pa,overall_so,overall_k_pct,source,source_timestamp,refresh_status
682928,"Abrams, CJ",,2026,384.0,76.0,19.791666666666664,170.0,53.0,31.176470588235293,554,129,23.28519855595668,BASEBALL_SAVANT_CURRENT_SEASON_VS_HAND,2026-08-28T17:22:47+00:00,CURRENT
677800,"Abreu, Wilyer",,2026,401.0,89.0,22.194513715710723,169.0,27.0,15.976331360946746,570,116,20.350877192982452,BASEBALL_SAVANT_CURRENT_SEASON_VS_HAND,2026-08-28T17:22:47+00:00,CURRENT
660670,"Acuña Jr., Ronald",,2026,239.0,55.0,23.01255230125523,118.0,30.0,25.42372881355932,357,85,23.809523809523807,BASEBALL_SAVANT_CURRENT_SEASON_VS_HAND,2026-08-28T17:22:47+00:00,CURRENT
682668,"Acuña, Luisangel",,2026,112.0,24.0,21.428571428571427,97.0,16.0,16.49484536082474,209,40,19.138755980861244,BASEBALL_SAVANT_CURRENT_SEASON_VS_HAND,2026-08-28T17:22:47+00:00,CURRENT
642715,"Adames, Willy",,2026,368.0,97.0,26.358695652173918,137.0,42.0,30.656934306569344,505,139,27.524752475247528,BASEBALL_SAVANT_CURRENT_SEASON_VS_HAND,2026-08-28T17:22:47+00:00,CURRENT
666176,"Adell, Jo",,2026,391.0,97.0,24.808184143222505,152.0,35.0,23.026315789473685,543,132,24.30939226519337,BASEBALL_SAVANT_CURRENT_SEASON_VS_HAND,2026-08-28T17:22:47+00:00,CURRENT
645277,"Albies, Ozzie",,2026,343.0,61.0,17.784256559766764,228.0,20.0,8.771929824561402,571,81,14.185639229422067,BASEBALL_SAVANT_CURRENT_SEASON_VS_HAND,2026-08-28T17:22:47+00:00,CURRENT
682634,"Alcántara, Kevin",,2026,10.0,4.0,40.0,19.0,7.0,36.84210526315789,29,11,37.93103448275862,BASEBALL_SAVANT_CURRENT_SEASON_VS_HAND,2026-08-28T17:22:47+00:00,CURRENT
677942,"Alexander, Blaze",,2026,162.0,33.0,20.37037037037037,84.0,21.0,25.0,246,54,21.951219512195124,BASEBALL_SAVANT_CURRENT_SEASON_VS_HAND,2026-08-28T17:22:47+00:00,CURRENT
672613,"Alfonzo, Eliezer",,2026,13.0,1.0,7.6923076923076925,14.0,1.0,7.142857142857142,27,2,7.4074074074074066,BASEBALL_SAVANT_CURRENT_SEASON_VS_HAND,2026-08-28T17:22:47+00:00,CURRENT
669397,"Allen, Nick",,2026,102.0,22.0,21.568627450980397,34.0,5.0,14.705882352941178,136,27,19.852941176470587,BASEBALL_SAVANT_CURRENT_SEASON_VS_HAND,2026-08-28T17:22:47+00:00,CURRENT
624413,"Alonso, Pete",,2026,408.0,97.0,23.774509803921568,173.0,43.0,24.85549132947977,581,140,24.09638554216868,BASEBALL_SAVANT_CURRENT_SEASON_VS_HAND,2026-08-28T17:22:47+00:00,CURRENT
514888,"Altuve, Jose",,2026,352.0,72.0,20.454545454545457,107.0,21.0,19.626168224299064,459,93,20.26143790849673,BASEBALL_SAVANT_CURRENT_SEASON_VS_HAND,2026-08-28T17:22:47+00:00,CURRENT
682626,"Alvarez, Francisco",,2026,250.0,69.0,27.6,98.0,35.0,35.714285714285715,348,104,29.88505747126437,BASEBALL_SAVANT_CURRENT_SEASON_VS_HAND,2026-08-28T17:22:47+00:00,CURRENT
670541,"Alvarez, Yordan",,2026,428.0,77.0,17.990654205607477,151.0,24.0,15.89403973509934,579,101,17.443868739205527,BASEBALL_SAVANT_CURRENT_SEASON_VS_HAND,2026-08-28T17:22:47+00:00,CURRENT
691182,"Amador, Adael",,2026,9.0,3.0,33.33333333333333,4.0,2.0,50.0,13,5,38.46153846153847,BASEBALL_SAVANT_CURRENT_SEASON_VS_HAND,2026-08-28T17:22:47+00:00,CURRENT
665804,"Amaya, Miguel",,2026,150.0,44.0,29.33333333333333,65.0,12.0,18.461538461538463,215,56,26.046511627906977,BASEBALL_SAVANT_CURRENT_SEASON_VS_HAND,2026-08-28T17:22:47+00:00,CURRENT
609280,"Andujar, Miguel",,2026,173.0,27.0,15.606936416184972,81.0,11.0,13.580246913580249,254,38,14.960629921259844,BASEBALL_SAVANT_CURRENT_SEASON_VS_HAND,2026-08-28T17:22:47+00:00,CURRENT
701350,"Anthony, Roman",,2026,93.0,25.0,26.881720430107524,38.0,8.0,21.052631578947366,131,33,25.19083969465649,BASEBALL_SAVANT_CURRENT_SEASON_VS_HAND,2026-08-28T17:22:47+00:00,CURRENT
803011,"Antonacci, Sam",,2026,357.0,52.0,14.565826330532214,96.0,20.0,20.833333333333336,453,72,15.89403973509934,BASEBALL_SAVANT_CURRENT_SEASON_VS_HAND,2026-08-28T17:22:47+00:00,CURRENT
666018,"Aranda, Jonathan",,2026,407.0,87.0,21.375921375921376,159.0,45.0,28.30188679245283,566,132,23.32155477031802,BASEBALL_SAVANT_CURRENT_SEASON_VS_HAND,2026-08-28T17:22:47+00:00,CURRENT
606115,"Arcia, Orlando",,2026,30.0,3.0,10.0,20.0,5.0,25.0,50,8,16.0,BASEBALL_SAVANT_CURRENT_SEASON_VS_HAND,2026-08-28T17:22:47+00:00,CURRENT
571448,"Arenado, Nolan",,2026,359.0,75.0,20.891364902506965,128.0,26.0,20.3125,487,101,20.739219712525667,BASEBALL_SAVANT_CURRENT_SEASON_VS_HAND,2026-08-28T17:22:47+00:00,CURRENT
672356,"Arias, Gabriel",,2026,94.0,35.0,37.234042553191486,50.0,25.0,50.0,144,60,41.66666666666667,BASEBALL_SAVANT_CURRENT_SEASON_VS_HAND,2026-08-28T17:22:47+00:00,CURRENT
668227,"Arozarena, Randy",,2026,400.0,88.0,22.0,145.0,27.0,18.620689655172416,545,115,21.100917431192663,BASEBALL_SAVANT_CURRENT_SEASON_VS_HAND,2026-08-28T17:22:47+00:00,CURRENT
650333,"Arraez, Luis",,2026,391.0,11.0,2.813299232736573,163.0,13.0,7.975460122699387,554,24,4.332129963898916,BASEBALL_SAVANT_CURRENT_SEASON_VS_HAND,2026-08-28T17:22:47+00:00,CURRENT
695490,"Arroyo, Edwin",,2026,108.0,24.0,22.22222222222222,34.0,7.0,20.588235294117645,142,31,21.83098591549296,BASEBALL_SAVANT_CURRENT_SEASON_VS_HAND,2026-08-28T17:22:47+00:00,CURRENT
640492,"Azócar, José",,2026,6.0,1.0,16.666666666666664,12.0,3.0,25.0,18,4,22.22222222222222,BASEBALL_SAVANT_CURRENT_SEASON_VS_HAND,2026-08-28T17:22:47+00:00,CURRENT
664056,"Bader, Harrison",,2026,87.0,28.0,32.18390804597701,24.0,6.0,25.0,111,34,30.630630630630627,BASEBALL_SAVANT_CURRENT_SEASON_VS_HAND,2026-08-28T17:22:47+00:00,CURRENT
678225,"Bae, Jihwan",,2026,2.0,1.0,50.0,2.0,0.0,0.0,4,1,25.0,BASEBALL_SAVANT_CURRENT_SEASON_VS_HAND,2026-08-28T17:22:47+00:00,CURRENT
672275,"Bailey, Patrick",,2026,238.0,59.0,24.789915966386555,45.0,12.0,26.666666666666668,283,71,25.08833922261484,BASEBALL_SAVANT_CURRENT_SEASON_VS_HAND,2026-08-28T17:22:47+00:00,CURRENT
663609,"Baker, Luken",,2026,2.0,2.0,100.0,3.0,1.0,33.33333333333333,5,3,60.0,BASEBALL_SAVANT_CURRENT_SEASON_VS_HAND,2026-08-28T17:22:47+00:00,CURRENT
686948,"Baldwin, Drake",,2026,305.0,66.0,21.639344262295083,186.0,37.0,19.892473118279568,491,103,20.9775967413442,BASEBALL_SAVANT_CURRENT_SEASON_VS_HAND,2026-08-28T17:22:47+00:00,CURRENT
694208,"Ballesteros, Moisés",,2026,218.0,48.0,22.01834862385321,41.0,10.0,24.390243902439025,259,58,22.393822393822397,BASEBALL_SAVANT_CURRENT_SEASON_VS_HAND,2026-08-28T17:22:47+00:00,CURRENT
677943,"Banfield, Will",,2026,2.0,1.0,50.0,2.0,0.0,0.0,4,1,25.0,BASEBALL_SAVANT_CURRENT_SEASON_VS_HAND,2026-08-28T17:22:47+00:00,CURRENT
680718,"Barger, Addison",,2026,24.0,6.0,25.0,4.0,1.0,25.0,28,7,25.0,BASEBALL_SAVANT_CURRENT_SEASON_VS_HAND,2026-08-28T17:22:47+00:00,CURRENT
678489,"Barrosa, Jorge",,2026,103.0,31.0,30.097087378640776,55.0,11.0,20.0,158,42,26.58227848101265,BASEBALL_SAVANT_CURRENT_SEASON_VS_HAND,2026-08-28T17:22:47+00:00,CURRENT
663698,"Bart, Joey",,2026,62.0,15.0,24.193548387096776,66.0,20.0,30.303030303030305,128,35,27.34375,BASEBALL_SAVANT_CURRENT_SEASON_VS_HAND,2026-08-28T17:22:47+00:00,CURRENT
678545,"Basabe, Osleivis",,2026,52.0,10.0,19.230769230769237,34.0,5.0,14.705882352941178,86,15,17.441860465116278,BASEBALL_SAVANT_CURRENT_SEASON_VS_HAND,2026-08-28T17:22:47+00:00,CURRENT
694212,"Basallo, Samuel",,2026,254.0,60.0,23.62204724409449,86.0,33.0,38.372093023255815,340,93,27.35294117647059,BASEBALL_SAVANT_CURRENT_SEASON_VS_HAND,2026-08-28T17:22:47+00:00,CURRENT
703520,"Bateman, Brett",,2026,48.0,10.0,20.833333333333336,26.0,6.0,23.07692307692308,74,16,21.62162162162162,BASEBALL_SAVANT_CURRENT_SEASON_VS_HAND,2026-08-28T17:22:47+00:00,CURRENT
683146,"Baty, Brett",,2026,326.0,84.0,25.76687116564417,80.0,27.0,33.75,406,111,27.339901477832512,BASEBALL_SAVANT_CURRENT_SEASON_VS_HAND,2026-08-28T17:22:47+00:00,CURRENT
641343,"Bauers, Jake",,2026,351.0,94.0,26.780626780626783,125.0,28.0,22.4,476,122,25.63025210084033,BASEBALL_SAVANT_CURRENT_SEASON_VS_HAND,2026-08-28T17:22:47+00:00,CURRENT
683953,"Bazzana, Travis",,2026,295.0,57.0,19.322033898305087,129.0,33.0,25.58139534883721,424,90,21.22641509433962,BASEBALL_SAVANT_CURRENT_SEASON_VS_HAND,2026-08-28T17:22:47+00:00,CURRENT
687637,"Beavers, Dylan",,2026,220.0,59.0,26.81818181818182,41.0,9.0,21.951219512195124,261,68,26.05363984674329,BASEBALL_SAVANT_CURRENT_SEASON_VS_HAND,2026-08-28T17:22:47+00:00,CURRENT
687597,"Beck, Jordan",,2026,71.0,18.0,25.352112676056336,65.0,20.0,30.76923076923077,136,38,27.94117647058824,BASEBALL_SAVANT_CURRENT_SEASON_VS_HAND,2026-08-28T17:22:47+00:00,CURRENT
605137,"Bell, Josh",,2026,356.0,76.0,21.34831460674157,166.0,30.0,18.072289156626507,522,106,20.306513409961685,BASEBALL_SAVANT_CURRENT_SEASON_VS_HAND,2026-08-28T17:22:47+00:00,CURRENT
641355,"Bellinger, Cody",,2026,296.0,48.0,16.216216216216218,157.0,24.0,15.286624203821656,453,72,15.89403973509934,BASEBALL_SAVANT_CURRENT_SEASON_VS_HAND,2026-08-28T17:22:47+00:00,CURRENT
701807,"Benge, Carson",,2026,391.0,77.0,19.69309462915601,138.0,36.0,26.08695652173913,529,113,21.361058601134214,BASEBALL_SAVANT_CURRENT_SEASON_VS_HAND,2026-08-28T17:22:47+00:00,CURRENT
643217,"Benintendi, Andrew",,2026,350.0,78.0,22.285714285714285,44.0,15.0,34.090909090909086,394,93,23.604060913705585,BASEBALL_SAVANT_CURRENT_SEASON_VS_HAND,2026-08-28T17:22:47+00:00,CURRENT
666181,"Benson, Will",,2026,113.0,38.0,33.6283185840708,1.0,0.0,0.0,114,38,33.33333333333333,BASEBALL_SAVANT_CURRENT_SEASON_VS_HAND,2026-08-28T17:22:47+00:00,CURRENT
682674,"Bericoto, Victor",,2026,39.0,8.0,20.51282051282051,48.0,16.0,33.33333333333333,87,24,27.58620689655172,BASEBALL_SAVANT_CURRENT_SEASON_VS_HAND,2026-08-28T17:22:47+00:00,CURRENT
672642,"Berroa, Steward",,2026,2.0,0.0,0.0,5.0,4.0,80.0,7,4,57.14285714285714,BASEBALL_SAVANT_CURRENT_SEASON_VS_HAND,2026-08-28T17:22:47+00:00,CURRENT
605141,"Betts, Mookie",,2026,279.0,35.0,12.544802867383511,130.0,10.0,7.6923076923076925,409,45,11.00244498777506,BASEBALL_SAVANT_CURRENT_SEASON_VS_HAND,2026-08-28T17:22:47+00:00,CURRENT
666182,"Bichette, Bo",,2026,415.0,78.0,18.795180722891565,153.0,25.0,16.33986928104575,568,103,18.133802816901408,BASEBALL_SAVANT_CURRENT_SEASON_VS_HAND,2026-08-28T17:22:47+00:00,CURRENT
672012,"Black, Tyler",,2026,27.0,7.0,25.925925925925924,1.0,0.0,0.0,28,7,25.0,BASEBALL_SAVANT_CURRENT_SEASON_VS_HAND,2026-08-28T17:22:47+00:00,CURRENT
668709,"Bleday, JJ",,2026,335.0,70.0,20.8955223880597,107.0,26.0,24.299065420560748,442,96,21.71945701357466,BASEBALL_SAVANT_CURRENT_SEASON_VS_HAND,2026-08-28T17:22:47+00:00,CURRENT
669208,"Bliss, Ryan",,2026,7.0,2.0,28.57142857142857,3.0,1.0,33.33333333333333,10,3,30.0,BASEBALL_SAVANT_CURRENT_SEASON_VS_HAND,2026-08-28T17:22:47+00:00,CURRENT
593428,"Bogaerts, Xander",,2026,376.0,72.0,19.148936170212767,129.0,16.0,12.4031007751938,505,88,17.425742574257423,BASEBALL_SAVANT_CURRENT_SEASON_VS_HAND,2026-08-28T17:22:47+00:00,CURRENT
664761,"Bohm, Alec",,2026,374.0,55.0,14.705882352941178,150.0,19.0,12.666666666666668,524,74,14.122137404580156,BASEBALL_SAVANT_CURRENT_SEASON_VS_HAND,2026-08-28T17:22:47+00:00,CURRENT
703607,"Bolte, Henry",,2026,219.0,51.0,23.28767123287671,127.0,45.0,35.43307086614173,346,96,27.74566473988439,BASEBALL_SAVANT_CURRENT_SEASON_VS_HAND,2026-08-28T17:22:47+00:00,CURRENT
687749,"Bowen, Jase",,2026,40.0,15.0,37.5,43.0,15.0,34.88372093023256,83,30,36.14457831325301,BASEBALL_SAVANT_CURRENT_SEASON_VS_HAND,2026-08-28T17:22:47+00:00,CURRENT
687394,"Brannigan, Jack",,2026,,,,1.0,1.0,100.0,1,1,100.0,BASEBALL_SAVANT_CURRENT_SEASON_VS_HAND,2026-08-28T17:22:47+00:00,CURRENT
608324,"Bregman, Alex",,2026,449.0,73.0,16.258351893095767,151.0,21.0,13.90728476821192,600,94,15.666666666666668,BASEBALL_SAVANT_CURRENT_SEASON_VS_HAND,2026-08-28T17:22:47+00:00,CURRENT
686823,"Brennan, Will",,2026,21.0,3.0,14.285714285714285,2.0,0.0,0.0,23,3,13.043478260869565,BASEBALL_SAVANT_CURRENT_SEASON_VS_HAND,2026-08-28T17:22:47+00:00,CURRENT
681146,"Bride, Jonah",,2026,3.0,1.0,33.33333333333333,3.0,1.0,33.33333333333333,6,2,33.33333333333333,BASEBALL_SAVANT_CURRENT_SEASON_VS_HAND,2026-08-28T17:22:47+00:00,CURRENT
682877,"Brito, Juan",,2026,36.0,9.0,25.0,20.0,8.0,40.0,56,17,30.35714285714285,BASEBALL_SAVANT_CURRENT_SEASON_VS_HAND,2026-08-28T17:22:47+00:00,CURRENT
660644,"Bruján, Vidal",,2026,9.0,1.0,11.11111111111111,4.0,0.0,0.0,13,1,7.6923076923076925,BASEBALL_SAVANT_CURRENT_SEASON_VS_HAND,2026-08-28T17:22:47+00:00,CURRENT
669394,"Burger, Jake",,2026,375.0,100.0,26.666666666666668,130.0,35.0,26.923076923076923,505,135,26.73267326732673,BASEBALL_SAVANT_CURRENT_SEASON_VS_HAND,2026-08-28T17:22:47+00:00,CURRENT
676475,"Burleson, Alec",,2026,390.0,64.0,16.41025641025641,175.0,30.0,17.142857142857142,565,94,16.63716814159292,BASEBALL_SAVANT_CURRENT_SEASON_VS_HAND,2026-08-28T17:22:47+00:00,CURRENT
683737,"Busch, Michael",,2026,421.0,97.0,23.040380047505938,173.0,39.0,22.54335260115607,594,136,22.895622895622896,BASEBALL_SAVANT_CURRENT_SEASON_VS_HAND,2026-08-28T17:22:47+00:00,CURRENT
671732,"Butler, Lawrence",,2026,305.0,76.0,24.91803278688525,116.0,31.0,26.72413793103448,421,107,25.415676959619955,BASEBALL_SAVANT_CURRENT_SEASON_VS_HAND,2026-08-28T17:22:47+00:00,CURRENT
621439,"Buxton, Byron",,2026,293.0,71.0,24.2320819112628,115.0,29.0,25.217391304347824,408,100,24.509803921568626,BASEBALL_SAVANT_CURRENT_SEASON_VS_HAND,2026-08-28T17:22:47+00:00,CURRENT
595879,"Báez, Javier",,2026,114.0,24.0,21.052631578947366,42.0,5.0,11.904761904761903,156,29,18.58974358974359,BASEBALL_SAVANT_CURRENT_SEASON_VS_HAND,2026-08-28T17:22:47+00:00,CURRENT
695491,"Báez, Joshua",,2026,25.0,10.0,40.0,25.0,10.0,40.0,50,20,40.0,BASEBALL_SAVANT_CURRENT_SEASON_VS_HAND,2026-08-28T17:22:47+00:00,CURRENT
676609,"Caballero, José",,2026,263.0,52.0,19.771863117870723,125.0,41.0,32.800000000000004,388,93,23.969072164948454,BASEBALL_SAVANT_CURRENT_SEASON_VS_HAND,2026-08-28T17:22:47+00:00,CURRENT
665828,"Cabrera, Oswaldo",,2026,11.0,4.0,36.36363636363637,,,,11,4,36.36363636363637,BASEBALL_SAVANT_CURRENT_SEASON_VS_HAND,2026-08-28T17:22:47+00:00,CURRENT
695506,"Caglianone, Jac",,2026,334.0,83.0,24.850299401197603,145.0,42.0,28.965517241379317,479,125,26.09603340292276,BASEBALL_SAVANT_CURRENT_SEASON_VS_HAND,2026-08-28T17:22:47+00:00,CURRENT
683357,"Caissie, Owen",,2026,264.0,93.0,35.22727272727273,39.0,19.0,48.71794871794872,303,112,36.96369636963696,BASEBALL_SAVANT_CURRENT_SEASON_VS_HAND,2026-08-28T17:22:47+00:00,CURRENT
669743,"Call, Alex",,2026,100.0,18.0,18.0,63.0,11.0,17.46031746031746,163,29,17.791411042944784,BASEBALL_SAVANT_CURRENT_SEASON_VS_HAND,2026-08-28T17:22:47+00:00,CURRENT
814430,"Callahan, Brett",,2026,25.0,7.0,28.000000000000004,1.0,0.0,0.0,26,7,26.923076923076923,BASEBALL_SAVANT_CURRENT_SEASON_VS_HAND,2026-08-28T17:22:47+00:00,CURRENT
682997,"Callihan, Tyler",,2026,100.0,38.0,38.0,7.0,0.0,0.0,107,38,35.51401869158878,BASEBALL_SAVANT_CURRENT_SEASON_VS_HAND,2026-08-28T17:22:47+00:00,CURRENT
665856,"Camargo, Jair",,2026,,,,2.0,1.0,50.0,2,1,50.0,BASEBALL_SAVANT_CURRENT_SEASON_VS_HAND,2026-08-28T17:22:47+00:00,CURRENT
663662,"Cameron, Daz",,2026,4.0,1.0,25.0,18.0,5.0,27.77777777777778,22,6,27.27272727272727,BASEBALL_SAVANT_CURRENT_SEASON_VS_HAND,2026-08-28T17:22:47+00:00,CURRENT
691406,"Caminero, Junior",,2026,427.0,84.0,19.672131147540984,156.0,22.0,14.102564102564102,583,106,18.181818181818183,BASEBALL_SAVANT_CURRENT_SEASON_VS_HAND,2026-08-28T17:22:47+00:00,CURRENT
672569,"Campero, Gustavo",,2026,7.0,3.0,42.85714285714285,5.0,1.0,20.0,12,4,33.33333333333333,BASEBALL_SAVANT_CURRENT_SEASON_VS_HAND,2026-08-28T17:22:47+00:00,CURRENT
669134,"Campusano, Luis",,2026,133.0,30.0,22.55639097744361,35.0,7.0,20.0,168,37,22.02380952380952,BASEBALL_SAVANT_CURRENT_SEASON_VS_HAND,2026-08-28T17:22:47+00:00,CURRENT
600869,"Candelario, Jeimer",,2026,13.0,5.0,38.46153846153847,7.0,3.0,42.85714285714285,20,8,40.0,BASEBALL_SAVANT_CURRENT_SEASON_VS_HAND,2026-08-28T17:22:47+00:00,CURRENT
686527,"Canzone, Dominic",,2026,318.0,66.0,20.75471698113208,89.0,21.0,23.59550561797753,407,87,21.375921375921376,BASEBALL_SAVANT_CURRENT_SEASON_VS_HAND,2026-08-28T17:22:47+00:00,CURRENT
605170,"Caratini, Victor",,2026,230.0,36.0,15.65217391304348,112.0,32.0,28.57142857142857,342,68,19.883040935672515,BASEBALL_SAVANT_CURRENT_SEASON_VS_HAND,2026-08-28T17:22:47+00:00,CURRENT
666185,"Carlson, Dylan",,2026,1.0,0.0,0.0,3.0,2.0,66.66666666666666,4,2,50.0,BASEBALL_SAVANT_CURRENT_SEASON_VS_HAND,2026-08-28T17:22:47+00:00,CURRENT
681481,"Carpenter, Kerry",,2026,232.0,67.0,28.879310344827587,27.0,8.0,29.629629629629623,259,75,28.957528957528957,BASEBALL_SAVANT_CURRENT_SEASON_VS_HAND,2026-08-28T17:22:47+00:00,CURRENT
694249,"Carrigg, Cole",,2026,147.0,27.0,18.367346938775512,113.0,31.0,27.43362831858407,260,58,22.30769230769231,BASEBALL_SAVANT_CURRENT_SEASON_VS_HAND,2026-08-28T17:22:47+00:00,CURRENT
682998,"Carroll, Corbin",,2026,383.0,86.0,22.45430809399478,184.0,38.0,20.65217391304348,567,124,21.8694885361552,BASEBALL_SAVANT_CURRENT_SEASON_VS_HAND,2026-08-28T17:22:47+00:00,CURRENT
694497,"Carter, Evan",,2026,312.0,69.0,22.115384615384613,66.0,22.0,33.33333333333333,378,91,24.074074074074076,BASEBALL_SAVANT_CURRENT_SEASON_VS_HAND,2026-08-28T17:22:47+00:00,CURRENT
592206,"Castellanos, Nick",,2026,88.0,25.0,28.40909090909091,34.0,9.0,26.47058823529412,122,34,27.86885245901639,BASEBALL_SAVANT_CURRENT_SEASON_VS_HAND,2026-08-28T17:22:47+00:00,CURRENT
650489,"Castro, Willi",,2026,304.0,82.0,26.973684210526315,161.0,41.0,25.465838509316768,465,123,26.451612903225808,BASEBALL_SAVANT_CURRENT_SEASON_VS_HAND,2026-08-28T17:22:47+00:00,CURRENT
695508,"Cauley, Cam",,2026,28.0,4.0,14.285714285714285,37.0,11.0,29.72972972972973,65,15,23.07692307692308,BASEBALL_SAVANT_CURRENT_SEASON_VS_HAND,2026-08-28T17:22:47+00:00,CURRENT
701852,"Cavanaugh, Drew",,2026,97.0,21.0,21.649484536082475,15.0,7.0,46.66666666666666,112,28,25.0,BASEBALL_SAVANT_CURRENT_SEASON_VS_HAND,2026-08-28T17:22:47+00:00,CURRENT
665953,"Chaparro, Andrés",,2026,48.0,8.0,16.666666666666664,111.0,26.0,23.423423423423426,159,34,21.38364779874214,BASEBALL_SAVANT_CURRENT_SEASON_VS_HAND,2026-08-28T17:22:47+00:00,CURRENT
656305,"Chapman, Matt",,2026,257.0,61.0,23.73540856031128,95.0,20.0,21.052631578947366,352,81,23.01136363636364,BASEBALL_SAVANT_CURRENT_SEASON_VS_HAND,2026-08-28T17:22:47+00:00,CURRENT
691907,"Cheng, Tsung-Che",,2026,39.0,10.0,25.64102564102564,5.0,4.0,80.0,44,14,31.818181818181817,BASEBALL_SAVANT_CURRENT_SEASON_VS_HAND,2026-08-28T17:22:47+00:00,CURRENT
665862,"Chisholm Jr., Jazz",,2026,341.0,94.0,27.56598240469208,146.0,51.0,34.93150684931507,487,145,29.774127310061605,BASEBALL_SAVANT_CURRENT_SEASON_VS_HAND,2026-08-28T17:22:47+00:00,CURRENT
694192,"Chourio, Jackson",,2026,317.0,75.0,23.65930599369085,131.0,32.0,24.42748091603053,448,107,23.883928571428573,BASEBALL_SAVANT_CURRENT_SEASON_VS_HAND,2026-08-28T17:22:47+00:00,CURRENT
701675,"Church, Nathan",,2026,294.0,56.0,19.047619047619047,78.0,13.0,16.666666666666664,372,69,18.548387096774192,BASEBALL_SAVANT_CURRENT_SEASON_VS_HAND,2026-08-28T17:22:47+00:00,CURRENT
703601,"Clark, Max",,2026,65.0,14.0,21.53846153846154,30.0,5.0,16.666666666666664,95,19,20.0,BASEBALL_SAVANT_CURRENT_SEASON_VS_HAND,2026-08-28T17:22:47+00:00,CURRENT
672016,"Clarke, Denzel",,2026,35.0,16.0,45.71428571428572,25.0,8.0,32.0,60,24,40.0,BASEBALL_SAVANT_CURRENT_SEASON_VS_HAND,2026-08-28T17:22:47+00:00,CURRENT
682729,"Clase, Jonatan",,2026,17.0,6.0,35.294117647058826,8.0,2.0,25.0,25,8,32.0,BASEBALL_SAVANT_CURRENT_SEASON_VS_HAND,2026-08-28T17:22:47+00:00,CURRENT
665019,"Clemens, Kody",,2026,351.0,80.0,22.79202279202279,121.0,28.0,23.1404958677686,472,108,22.88135593220339,BASEBALL_SAVANT_CURRENT_SEASON_VS_HAND,2026-08-28T17:22:47+00:00,CURRENT
676391,"Clement, Ernie",,2026,358.0,33.0,9.217877094972067,169.0,18.0,10.650887573964498,527,51,9.67741935483871,BASEBALL_SAVANT_CURRENT_SEASON_VS_HAND,2026-08-28T17:22:47+00:00,CURRENT
805904,"Cole, Zach",,2026,47.0,17.0,36.17021276595745,6.0,4.0,66.66666666666666,53,21,39.62264150943396,BASEBALL_SAVANT_CURRENT_SEASON_VS_HAND,2026-08-28T17:22:47+00:00,CURRENT
686555,"Collins, Isaac",,2026,309.0,72.0,23.300970873786408,135.0,28.0,20.74074074074074,444,100,22.52252252252252,BASEBALL_SAVANT_CURRENT_SEASON_VS_HAND,2026-08-28T17:22:47+00:00,CURRENT
624424,"Conforto, Michael",,2026,233.0,68.0,29.184549356223176,8.0,1.0,12.5,241,69,28.63070539419087,BASEBALL_SAVANT_CURRENT_SEASON_VS_HAND,2026-08-28T17:22:47+00:00,CURRENT
665052,"Conine, Griffin",,2026,177.0,54.0,30.508474576271187,45.0,15.0,33.33333333333333,222,69,31.08108108108108,BASEBALL_SAVANT_CURRENT_SEASON_VS_HAND,2026-08-28T17:22:47+00:00,CURRENT
661388,"Contreras, William",,2026,389.0,50.0,12.853470437017997,148.0,24.0,16.216216216216218,537,74,13.780260707635009,BASEBALL_SAVANT_CURRENT_SEASON_VS_HAND,2026-08-28T17:22:47+00:00,CURRENT
575929,"Contreras, Willson",,2026,373.0,100.0,26.80965147453083,129.0,24.0,18.6046511627907,502,124,24.701195219123505,BASEBALL_SAVANT_CURRENT_SEASON_VS_HAND,2026-08-28T17:22:47+00:00,CURRENT
695257,"Cook, Billy",,2026,19.0,7.0,36.84210526315789,32.0,13.0,40.625,51,20,39.21568627450981,BASEBALL_SAVANT_CURRENT_SEASON_VS_HAND,2026-08-28T17:22:47+00:00,CURRENT
621043,"Correa, Carlos",,2026,93.0,20.0,21.50537634408602,48.0,6.0,12.5,141,26,18.43971631205673,BASEBALL_SAVANT_CURRENT_SEASON_VS_HAND,2026-08-28T17:22:47+00:00,CURRENT
666126,"Cortes, Carlos",,2026,293.0,47.0,16.040955631399317,20.0,4.0,20.0,313,51,16.293929712460063,BASEBALL_SAVANT_CURRENT_SEASON_VS_HAND,2026-08-28T17:22:47+00:00,CURRENT
681297,"Cowser, Colton",,2026,273.0,75.0,27.472527472527474,47.0,20.0,42.5531914893617,320,95,29.6875,BASEBALL_SAVANT_CURRENT_SEASON_VS_HAND,2026-08-28T17:22:47+00:00,CURRENT
813841,"Cox, Jonah",,2026,19.0,9.0,47.368421052631575,40.0,19.0,47.5,59,28,47.45762711864407,BASEBALL_SAVANT_CURRENT_SEASON_VS_HAND,2026-08-28T17:22:47+00:00,CURRENT
641487,"Crawford, J.P.",,2026,260.0,57.0,21.923076923076923,110.0,19.0,17.272727272727273,370,76,20.54054054054054,BASEBALL_SAVANT_CURRENT_SEASON_VS_HAND,2026-08-28T17:22:47+00:00,CURRENT
702222,"Crawford, Justin",,2026,338.0,57.0,16.86390532544379,56.0,11.0,19.642857142857142,394,68,17.258883248730964,BASEBALL_SAVANT_CURRENT_SEASON_VS_HAND,2026-08-28T17:22:47+00:00,CURRENT
686611,"Crews, Dylan",,2026,233.0,59.0,25.321888412017167,107.0,23.0,21.49532710280374,340,82,24.11764705882353,BASEBALL_SAVANT_CURRENT_SEASON_VS_HAND,2026-08-28T17:22:47+00:00,CURRENT
630105,"Cronenworth, Jake",,2026,250.0,61.0,24.4,71.0,12.0,16.901408450704224,321,73,22.74143302180685,BASEBALL_SAVANT_CURRENT_SEASON_VS_HAND,2026-08-28T17:22:47+00:00,CURRENT
699625,"Crooks, Jimmy",,2026,125.0,40.0,32.0,18.0,7.0,38.88888888888889,143,47,32.86713286713287,BASEBALL_SAVANT_CURRENT_SEASON_VS_HAND,2026-08-28T17:22:47+00:00,CURRENT
691718,"Crow-Armstrong, Pete",,2026,404.0,104.0,25.742574257425744,193.0,54.0,27.979274611398964,597,158,26.46566164154104,BASEBALL_SAVANT_CURRENT_SEASON_VS_HAND,2026-08-28T17:22:47+00:00,CURRENT
665833,"Cruz, Oneil",,2026,220.0,70.0,31.818181818181817,94.0,40.0,42.5531914893617,314,110,35.03184713375796,BASEBALL_SAVANT_CURRENT_SEASON_VS_HAND,2026-08-28T17:22:47+00:00,CURRENT
669360,"Cruz, Trei",,2026,4.0,2.0,50.0,1.0,1.0,100.0,5,3,60.0,BASEBALL_SAVANT_CURRENT_SEASON_VS_HAND,2026-08-28T17:22:47+00:00,CURRENT
701785,"Culpepper, Kaelen",,2026,35.0,6.0,17.142857142857142,28.0,9.0,32.142857142857146,63,15,23.809523809523807,BASEBALL_SAVANT_CURRENT_SEASON_VS_HAND,2026-08-28T17:22:47+00:00,CURRENT
680779,"Davis, Henry",,2026,185.0,37.0,20.0,78.0,19.0,24.35897435897436,263,56,21.29277566539924,BASEBALL_SAVANT_CURRENT_SEASON_VS_HAND,2026-08-28T17:22:47+00:00,CURRENT
650559,"De La Cruz, Bryan",,2026,27.0,8.0,29.629629629629623,19.0,2.0,10.526315789473683,46,10,21.73913043478261,BASEBALL_SAVANT_CURRENT_SEASON_VS_HAND,2026-08-28T17:22:47+00:00,CURRENT
682829,"De La Cruz, Elly",,2026,377.0,102.0,27.055702917771885,140.0,38.0,27.142857142857142,517,140,27.079303675048354,BASEBALL_SAVANT_CURRENT_SEASON_VS_HAND,2026-08-28T17:22:47+00:00,CURRENT
691277,"De Los Santos, Deyvison",,2026,3.0,1.0,33.33333333333333,6.0,2.0,33.33333333333333,9,3,33.33333333333333,BASEBALL_SAVANT_CURRENT_SEASON_VS_HAND,2026-08-28T17:22:47+00:00,CURRENT
800050,"DeLauter, Chase",,2026,323.0,41.0,12.693498452012385,145.0,26.0,17.93103448275862,468,67,14.316239316239315,BASEBALL_SAVANT_CURRENT_SEASON_VS_HAND,2026-08-28T17:22:47+00:00,CURRENT
676356,"DeLuca, Jonny",,2026,164.0,33.0,20.1219512195122,116.0,22.0,18.96551724137931,280,55,19.642857142857142,BASEBALL_SAVANT_CURRENT_SEASON_VS_HAND,2026-08-28T17:22:47+00:00,CURRENT
681909,"Dean, Justin",,2026,9.0,3.0,33.33333333333333,1.0,1.0,100.0,10,4,40.0,BASEBALL_SAVANT_CURRENT_SEASON_VS_HAND,2026-08-28T17:22:47+00:00,CURRENT
680728,"Del Castillo, Adrian",,2026,164.0,43.0,26.21951219512195,28.0,11.0,39.285714285714285,192,54,28.125,BASEBALL_SAVANT_CURRENT_SEASON_VS_HAND,2026-08-28T17:22:47+00:00,CURRENT
669384,"Delgado, Raynel",,2026,31.0,5.0,16.129032258064516,10.0,2.0,20.0,41,7,17.073170731707318,BASEBALL_SAVANT_CURRENT_SEASON_VS_HAND,2026-08-28T17:22:47+00:00,CURRENT
646240,"Devers, Rafael",,2026,373.0,90.0,24.128686327077748,195.0,55.0,28.205128205128204,568,145,25.528169014084508,BASEBALL_SAVANT_CURRENT_SEASON_VS_HAND,2026-08-28T17:22:47+00:00,CURRENT
701305,"Dezenzo, Zach",,2026,53.0,22.0,41.50943396226416,30.0,10.0,33.33333333333333,83,32,38.55421686746988,BASEBALL_SAVANT_CURRENT_SEASON_VS_HAND,2026-08-28T17:22:47+00:00,CURRENT
673237,"Diaz, Yainer",,2026,195.0,26.0,13.333333333333334,72.0,16.0,22.22222222222222,267,42,15.730337078651685,BASEBALL_SAVANT_CURRENT_SEASON_VS_HAND,2026-08-28T17:22:47+00:00,CURRENT
693307,"Dingler, Dillon",,2026,359.0,72.0,20.055710306406684,161.0,43.0,26.70807453416149,520,115,22.115384615384613,BASEBALL_SAVANT_CURRENT_SEASON_VS_HAND,2026-08-28T17:22:47+00:00,CURRENT
691176,"Domínguez, Jasson",,2026,129.0,28.0,21.705426356589147,85.0,18.0,21.176470588235293,214,46,21.49532710280374,BASEBALL_SAVANT_CURRENT_SEASON_VS_HAND,2026-08-28T17:22:47+00:00,CURRENT
680977,"Donovan, Brendan",,2026,107.0,13.0,12.149532710280374,53.0,10.0,18.867924528301888,160,23,14.374999999999998,BASEBALL_SAVANT_CURRENT_SEASON_VS_HAND,2026-08-28T17:22:47+00:00,CURRENT
686668,"Doyle, Brenton",,2026,100.0,33.0,33.0,76.0,21.0,27.631578947368425,176,54,30.681818181818183,BASEBALL_SAVANT_CURRENT_SEASON_VS_HAND,2026-08-28T17:22:47+00:00,CURRENT
643289,"Dubón, Mauricio",,2026,328.0,43.0,13.109756097560975,184.0,19.0,10.326086956521738,512,62,12.109375,BASEBALL_SAVANT_CURRENT_SEASON_VS_HAND,2026-08-28T17:22:47+00:00,CURRENT
694362,"Dunn, Blake",,2026,113.0,22.0,19.469026548672566,42.0,11.0,26.190476190476197,155,33,21.29032258064516,BASEBALL_SAVANT_CURRENT_SEASON_VS_HAND,2026-08-28T17:22:47+00:00,CURRENT
686554,"Dunn, Oliver",,2026,8.0,2.0,25.0,4.0,1.0,25.0,12,3,25.0,BASEBALL_SAVANT_CURRENT_SEASON_VS_HAND,2026-08-28T17:22:47+00:00,CURRENT
677649,"Duran, Ezequiel",,2026,355.0,86.0,24.225352112676056,128.0,29.0,22.65625,483,115,23.809523809523807,BASEBALL_SAVANT_CURRENT_SEASON_VS_HAND,2026-08-28T17:22:47+00:00,CURRENT
680776,"Duran, Jarren",,2026,401.0,116.0,28.92768079800499,128.0,31.0,24.21875,529,147,27.788279773156894,BASEBALL_SAVANT_CURRENT_SEASON_VS_HAND,2026-08-28T17:22:47+00:00,CURRENT
702332,"Durbin, Caleb",,2026,354.0,50.0,14.124293785310735,128.0,13.0,10.15625,482,63,13.070539419087138,BASEBALL_SAVANT_CURRENT_SEASON_VS_HAND,2026-08-28T17:22:47+00:00,CURRENT
660710,"Durán, Rodolfo",,2026,72.0,19.0,26.38888888888889,19.0,5.0,26.31578947368421,91,24,26.373626373626376,BASEBALL_SAVANT_CURRENT_SEASON_VS_HAND,2026-08-28T17:22:47+00:00,CURRENT
553869,"Díaz, Elias",,2026,106.0,27.0,25.471698113207548,76.0,14.0,18.421052631578945,182,41,22.52747252747253,BASEBALL_SAVANT_CURRENT_SEASON_VS_HAND,2026-08-28T17:22:47+00:00,CURRENT
650490,"Díaz, Yandy",,2026,410.0,59.0,14.390243902439025,158.0,20.0,12.658227848101266,568,79,13.908450704225354,BASEBALL_SAVANT_CURRENT_SEASON_VS_HAND,2026-08-28T17:22:47+00:00,CURRENT
681987,"Eaton, Nate",,2026,16.0,4.0,25.0,23.0,8.0,34.78260869565217,39,12,30.76923076923077,BASEBALL_SAVANT_CURRENT_SEASON_VS_HAND,2026-08-28T17:22:47+00:00,CURRENT
669242,"Edman, Tommy",,2026,149.0,27.0,18.12080536912752,68.0,20.0,29.411764705882355,217,47,21.658986175115206,BASEBALL_SAVANT_CURRENT_SEASON_VS_HAND,2026-08-28T17:22:47+00:00,CURRENT
669364,"Edwards, Xavier",,2026,427.0,53.0,12.412177985948478,136.0,22.0,16.176470588235293,563,75,13.321492007104796,BASEBALL_SAVANT_CURRENT_SEASON_VS_HAND,2026-08-28T17:22:47+00:00,CURRENT
805811,"Eldridge, Bryce",,2026,252.0,66.0,26.190476190476197,108.0,30.0,27.77777777777778,360,96,26.666666666666668,BASEBALL_SAVANT_CURRENT_SEASON_VS_HAND,2026-08-28T17:22:47+00:00,CURRENT
806068,"Emerson, Colt",,2026,161.0,55.0,34.161490683229815,81.0,28.0,34.5679012345679,242,83,34.29752066115703,BASEBALL_SAVANT_CURRENT_SEASON_VS_HAND,2026-08-28T17:22:47+00:00,CURRENT
666464,"Encarnacion, Jerar",,2026,17.0,3.0,17.647058823529413,18.0,5.0,27.77777777777778,35,8,22.857142857142858,BASEBALL_SAVANT_CURRENT_SEASON_VS_HAND,2026-08-28T17:22:47+00:00,CURRENT
687952,"Encarnacion-Strand, Christian",,2026,73.0,16.0,21.91780821917808,45.0,15.0,33.33333333333333,118,31,26.27118644067797,BASEBALL_SAVANT_CURRENT_SEASON_VS_HAND,2026-08-28T17:22:47+00:00,CURRENT
641555,"Escarra, J.C.",,2026,71.0,16.0,22.53521126760564,21.0,2.0,9.523809523809524,92,18,19.565217391304348,BASEBALL_SAVANT_CURRENT_SEASON_VS_HAND,2026-08-28T17:22:47+00:00,CURRENT
669289,"Espinal, Santiago",,2026,24.0,4.0,16.666666666666664,36.0,4.0,11.11111111111111,60,8,13.333333333333334,BASEBALL_SAVANT_CURRENT_SEASON_VS_HAND,2026-08-28T17:22:47+00:00,CURRENT
805999,"Ewing, A.J.",,2026,279.0,72.0,25.806451612903224,105.0,29.0,27.61904761904762,384,101,26.30208333333333,BASEBALL_SAVANT_CURRENT_SEASON_VS_HAND,2026-08-28T17:22:47+00:00,CURRENT
656413,"Fairchild, Stuart",,2026,5.0,3.0,60.0,22.0,11.0,50.0,27,14,51.85185185185185,BASEBALL_SAVANT_CURRENT_SEASON_VS_HAND,2026-08-28T17:22:47+00:00,CURRENT
571657,"Farmer, Kyle",,2026,5.0,1.0,20.0,11.0,3.0,27.27272727272727,16,4,25.0,BASEBALL_SAVANT_CURRENT_SEASON_VS_HAND,2026-08-28T17:22:47+00:00,CURRENT
693459,"Fedko, Kyler",,2026,8.0,2.0,25.0,11.0,6.0,54.54545454545454,19,8,42.10526315789473,BASEBALL_SAVANT_CURRENT_SEASON_VS_HAND,2026-08-28T17:22:47+00:00,CURRENT
676439,"Feduccia, Hunter",,2026,171.0,46.0,26.900584795321635,34.0,5.0,14.705882352941178,205,51,24.87804878048781,BASEBALL_SAVANT_CURRENT_SEASON_VS_HAND,2026-08-28T17:22:47+00:00,CURRENT
666023,"Fermin, Freddy",,2026,165.0,32.0,19.393939393939394,64.0,13.0,20.3125,229,45,19.65065502183406,BASEBALL_SAVANT_CURRENT_SEASON_VS_HAND,2026-08-28T17:22:47+00:00,CURRENT
665877,"Fermín, José",,2026,159.0,22.0,13.836477987421384,138.0,15.0,10.869565217391305,297,37,12.457912457912458,BASEBALL_SAVANT_CURRENT_SEASON_VS_HAND,2026-08-28T17:22:47+00:00,CURRENT
699912,"Fernandez, Jose",,2026,145.0,31.0,21.379310344827587,61.0,13.0,21.311475409836063,206,44,21.35922330097087,BASEBALL_SAVANT_CURRENT_SEASON_VS_HAND,2026-08-28T17:22:47+00:00,CURRENT
804668,"Flores Jr., Rafael",,2026,34.0,9.0,26.47058823529412,44.0,14.0,31.818181818181817,78,23,29.48717948717949,BASEBALL_SAVANT_CURRENT_SEASON_VS_HAND,2026-08-28T17:22:47+00:00,CURRENT
695670,"Ford, Harry",,2026,37.0,9.0,24.324324324324326,36.0,11.0,30.55555555555556,73,20,27.3972602739726,BASEBALL_SAVANT_CURRENT_SEASON_VS_HAND,2026-08-28T17:22:47+00:00,CURRENT
663743,"Fortes, Nick",,2026,145.0,19.0,13.10344827586207,137.0,15.0,10.948905109489052,282,34,12.05673758865248,BASEBALL_SAVANT_CURRENT_SEASON_VS_HAND,2026-08-28T17:22:47+00:00,CURRENT
679822,"Foscue, Justin",,2026,77.0,20.0,25.97402597402597,117.0,27.0,23.07692307692308,194,47,24.22680412371134,BASEBALL_SAVANT_CURRENT_SEASON_VS_HAND,2026-08-28T17:22:47+00:00,CURRENT
641584,"Fraley, Jake",,2026,80.0,21.0,26.25,10.0,4.0,40.0,90,25,27.77777777777778,BASEBALL_SAVANT_CURRENT_SEASON_VS_HAND,2026-08-28T17:22:47+00:00,CURRENT
664034,"France, Ty",,2026,279.0,56.0,20.07168458781362,115.0,28.0,24.347826086956523,394,84,21.31979695431472,BASEBALL_SAVANT_CURRENT_SEASON_VS_HAND,2026-08-28T17:22:47+00:00,CURRENT
681047,"Franklin, Christian",,2026,18.0,3.0,16.666666666666664,20.0,7.0,35.0,38,10,26.31578947368421,BASEBALL_SAVANT_CURRENT_SEASON_VS_HAND,2026-08-28T17:22:47+00:00,CURRENT
624428,"Frazier, Adam",,2026,101.0,29.0,28.71287128712871,21.0,3.0,14.285714285714285,122,32,26.229508196721312,BASEBALL_SAVANT_CURRENT_SEASON_VS_HAND,2026-08-28T17:22:47+00:00,CURRENT
690976,"Freeland, Alex",,2026,192.0,53.0,27.604166666666668,32.0,15.0,46.875,224,68,30.35714285714285,BASEBALL_SAVANT_CURRENT_SEASON_VS_HAND,2026-08-28T17:22:47+00:00,CURRENT
683227,"Freeman, Cody",,2026,25.0,5.0,20.0,29.0,5.0,17.24137931034483,54,10,18.51851851851852,BASEBALL_SAVANT_CURRENT_SEASON_VS_HAND,2026-08-28T17:22:47+00:00,CURRENT
518692,"Freeman, Freddie",,2026,378.0,56.0,14.814814814814811,181.0,35.0,19.33701657458564,559,91,16.27906976744186,BASEBALL_SAVANT_CURRENT_SEASON_VS_HAND,2026-08-28T17:22:47+00:00,CURRENT
671289,"Freeman, Tyler",,2026,187.0,19.0,10.16042780748663,101.0,15.0,14.85148514851485,288,34,11.805555555555555,BASEBALL_SAVANT_CURRENT_SEASON_VS_HAND,2026-08-28T17:22:47+00:00,CURRENT
686217,"Frelick, Sal",,2026,244.0,24.0,9.836065573770492,79.0,9.0,11.39240506329114,323,33,10.21671826625387,BASEBALL_SAVANT_CURRENT_SEASON_VS_HAND,2026-08-28T17:22:47+00:00,CURRENT
670770,"Friedl, TJ",,2026,217.0,51.0,23.50230414746544,36.0,8.0,22.22222222222222,253,59,23.3201581027668,BASEBALL_SAVANT_CURRENT_SEASON_VS_HAND,2026-08-28T17:22:47+00:00,CURRENT
681807,"Fry, David",,2026,58.0,13.0,22.41379310344828,111.0,39.0,35.13513513513514,169,52,30.76923076923077,BASEBALL_SAVANT_CURRENT_SEASON_VS_HAND,2026-08-28T17:22:47+00:00,CURRENT
690924,"Fulford, Braxton",,2026,22.0,6.0,27.27272727272727,57.0,25.0,43.85964912280701,79,31,39.24050632911392,BASEBALL_SAVANT_CURRENT_SEASON_VS_HAND,2026-08-28T17:22:47+00:00,CURRENT
801501,"Furman, Nate",,2026,16.0,5.0,31.25,,,,16,5,31.25,BASEBALL_SAVANT_CURRENT_SEASON_VS_HAND,2026-08-28T17:22:47+00:00,CURRENT
605244,"Garcia, Aramis",,2026,16.0,6.0,37.5,3.0,0.0,0.0,19,6,31.57894736842105,BASEBALL_SAVANT_CURRENT_SEASON_VS_HAND,2026-08-28T17:22:47+00:00,CURRENT
691373,"Garcia, Jhostynxon",,2026,34.0,12.0,35.294117647058826,17.0,5.0,29.411764705882355,51,17,33.33333333333333,BASEBALL_SAVANT_CURRENT_SEASON_VS_HAND,2026-08-28T17:22:47+00:00,CURRENT
672580,"Garcia, Maikel",,2026,241.0,38.0,15.767634854771783,68.0,9.0,13.23529411764706,309,47,15.210355987055015,BASEBALL_SAVANT_CURRENT_SEASON_VS_HAND,2026-08-28T17:22:47+00:00,CURRENT
671277,"García Jr., Luis",,2026,387.0,64.0,16.5374677002584,70.0,12.0,17.142857142857142,457,76,16.630196936542667,BASEBALL_SAVANT_CURRENT_SEASON_VS_HAND,2026-08-28T17:22:47+00:00,CURRENT
666969,"García, Adolis",,2026,191.0,68.0,35.602094240837694,68.0,16.0,23.52941176470588,259,84,32.432432432432435,BASEBALL_SAVANT_CURRENT_SEASON_VS_HAND,2026-08-28T17:22:47+00:00,CURRENT
641598,"Garver, Mitch",,2026,85.0,32.0,37.64705882352941,64.0,17.0,26.5625,149,49,32.88590604026846,BASEBALL_SAVANT_CURRENT_SEASON_VS_HAND,2026-08-28T17:22:47+00:00,CURRENT
681508,"Gasper, Mickey",,2026,132.0,15.0,11.363636363636363,20.0,7.0,35.0,152,22,14.473684210526317,BASEBALL_SAVANT_CURRENT_SEASON_VS_HAND,2026-08-28T17:22:47+00:00,CURRENT
680869,"Gelof, Zack",,2026,230.0,58.0,25.217391304347824,86.0,21.0,24.418604651162788,316,79,25.0,BASEBALL_SAVANT_CURRENT_SEASON_VS_HAND,2026-08-28T17:22:47+00:00,CURRENT
694197,"Genao, Angel",,2026,53.0,7.0,13.20754716981132,19.0,1.0,5.263157894736842,72,8,11.11111111111111,BASEBALL_SAVANT_CURRENT_SEASON_VS_HAND,2026-08-28T17:22:47+00:00,CURRENT
687551,"Gilbert, Drew",,2026,285.0,44.0,15.43859649122807,44.0,15.0,34.090909090909086,329,59,17.933130699088146,BASEBALL_SAVANT_CURRENT_SEASON_VS_HAND,2026-08-28T17:22:47+00:00,CURRENT
665926,"Giménez, Andrés",,2026,309.0,62.0,20.06472491909385,120.0,19.0,15.833333333333332,429,81,18.88111888111888,BASEBALL_SAVANT_CURRENT_SEASON_VS_HAND,2026-08-28T17:22:47+00:00,CURRENT
502671,"Goldschmidt, Paul",,2026,182.0,51.0,28.021978021978025,152.0,30.0,19.73684210526316,334,81,24.251497005988025,BASEBALL_SAVANT_CURRENT_SEASON_VS_HAND,2026-08-28T17:22:47+00:00,CURRENT
693304,"Gonzales, Nick",,2026,358.0,61.0,17.039106145251395,163.0,27.0,16.56441717791411,521,88,16.89059500959693,BASEBALL_SAVANT_CURRENT_SEASON_VS_HAND,2026-08-28T17:22:47+00:00,CURRENT
694224,"Gonzalez, Gabriel",,2026,1.0,0.0,0.0,3.0,0.0,0.0,4,0,0.0,BASEBALL_SAVANT_CURRENT_SEASON_VS_HAND,2026-08-28T17:22:47+00:00,CURRENT
694378,"Gonzalez, Jacob",,2026,159.0,31.0,19.49685534591195,29.0,5.0,17.24137931034483,188,36,19.148936170212767,BASEBALL_SAVANT_CURRENT_SEASON_VS_HAND,2026-08-28T17:22:47+00:00,CURRENT
663853,"Gonzalez, Romy",,2026,33.0,9.0,27.27272727272727,40.0,12.0,30.0,73,21,28.767123287671232,BASEBALL_SAVANT_CURRENT_SEASON_VS_HAND,2026-08-28T17:22:47+00:00,CURRENT
696100,"Goodman, Hunter",,2026,322.0,100.0,31.05590062111801,150.0,54.0,36.0,472,154,32.6271186440678,BASEBALL_SAVANT_CURRENT_SEASON_VS_HAND,2026-08-28T17:22:47+00:00,CURRENT
669357,"Gorman, Nolan",,2026,199.0,68.0,34.17085427135678,39.0,10.0,25.64102564102564,238,78,32.77310924369748,BASEBALL_SAVANT_CURRENT_SEASON_VS_HAND,2026-08-28T17:22:47+00:00,CURRENT
656484,"Gray, Tristan",,2026,168.0,49.0,29.166666666666668,21.0,11.0,52.38095238095239,189,60,31.746031746031743,BASEBALL_SAVANT_CURRENT_SEASON_VS_HAND,2026-08-28T17:22:47+00:00,CURRENT
682985,"Greene, Riley",,2026,339.0,89.0,26.253687315634217,154.0,44.0,28.57142857142857,493,133,26.97768762677485,BASEBALL_SAVANT_CURRENT_SEASON_VS_HAND,2026-08-28T17:22:47+00:00,CURRENT
545341,"Grichuk, Randal",,2026,69.0,14.0,20.28985507246377,138.0,33.0,23.91304347826087,207,47,22.70531400966184,BASEBALL_SAVANT_CURRENT_SEASON_VS_HAND,2026-08-28T17:22:47+00:00,CURRENT
804606,"Griffin, Konnor",,2026,186.0,48.0,25.806451612903224,62.0,17.0,27.41935483870968,248,65,26.20967741935484,BASEBALL_SAVANT_CURRENT_SEASON_VS_HAND,2026-08-28T17:22:47+00:00,CURRENT
663757,"Grisham, Trent",,2026,335.0,59.0,17.611940298507463,122.0,23.0,18.852459016393443,457,82,17.943107221006567,BASEBALL_SAVANT_CURRENT_SEASON_VS_HAND,2026-08-28T17:22:47+00:00,CURRENT
687093,"Grissom, Vaughn",,2026,214.0,43.0,20.093457943925237,140.0,21.0,15.0,354,64,18.07909604519774,BASEBALL_SAVANT_CURRENT_SEASON_VS_HAND,2026-08-28T17:22:47+00:00,CURRENT
694410,"Groover, LuJames",,2026,33.0,6.0,18.181818181818183,21.0,5.0,23.809523809523807,54,11,20.37037037037037,BASEBALL_SAVANT_CURRENT_SEASON_VS_HAND,2026-08-28T17:22:47+00:00,CURRENT
665489,"Guerrero Jr., Vladimir",,2026,378.0,48.0,12.698412698412698,130.0,18.0,13.846153846153848,508,66,12.992125984251969,BASEBALL_SAVANT_CURRENT_SEASON_VS_HAND,2026-08-28T17:22:47+00:00,CURRENT
666971,"Gurriel Jr., Lourdes",,2026,143.0,28.0,19.58041958041958,46.0,6.0,13.043478260869565,189,34,17.989417989417987,BASEBALL_SAVANT_CURRENT_SEASON_VS_HAND,2026-08-28T17:22:47+00:00,CURRENT
694203,"Guzman, Denzer",,2026,151.0,35.0,23.178807947019862,66.0,21.0,31.818181818181817,217,56,25.806451612903224,BASEBALL_SAVANT_CURRENT_SEASON_VS_HAND,2026-08-28T17:22:47+00:00,CURRENT
606992,"Haase, Eric",,2026,56.0,19.0,33.92857142857143,29.0,9.0,31.03448275862069,85,28,32.94117647058823,BASEBALL_SAVANT_CURRENT_SEASON_VS_HAND,2026-08-28T17:22:47+00:00,CURRENT
664059,"Haggerty, Sam",,2026,11.0,3.0,27.27272727272727,36.0,13.0,36.11111111111111,47,16,34.04255319148936,BASEBALL_SAVANT_CURRENT_SEASON_VS_HAND,2026-08-28T17:22:47+00:00,CURRENT
690984,"Halpin, Petey",,2026,123.0,21.0,17.073170731707318,32.0,9.0,28.125,155,30,19.35483870967742,BASEBALL_SAVANT_CURRENT_SEASON_VS_HAND,2026-08-28T17:22:47+00:00,CURRENT
666152,"Hamilton, David",,2026,263.0,54.0,20.53231939163498,63.0,16.0,25.396825396825395,326,70,21.47239263803681,BASEBALL_SAVANT_CURRENT_SEASON_VS_HAND,2026-08-28T17:22:47+00:00,CURRENT
668974,"Handley, Maverick",,2026,1.0,1.0,100.0,,,,1,1,100.0,BASEBALL_SAVANT_CURRENT_SEASON_VS_HAND,2026-08-28T17:22:47+00:00,CURRENT
664023,"Happ, Ian",,2026,413.0,120.0,29.055690072639223,135.0,46.0,34.07407407407408,548,166,30.29197080291971,BASEBALL_SAVANT_CURRENT_SEASON_VS_HAND,2026-08-28T17:22:47+00:00,CURRENT
547180,"Harper, Bryce",,2026,356.0,64.0,17.97752808988764,215.0,54.0,25.116279069767444,571,118,20.665499124343256,BASEBALL_SAVANT_CURRENT_SEASON_VS_HAND,2026-08-28T17:22:47+00:00,CURRENT
671739,"Harris II, Michael",,2026,324.0,67.0,20.679012345679013,193.0,34.0,17.616580310880828,517,101,19.5357833655706,BASEBALL_SAVANT_CURRENT_SEASON_VS_HAND,2026-08-28T17:22:47+00:00,CURRENT
695391,"Harris, Brett",,2026,5.0,2.0,40.0,5.0,0.0,0.0,10,2,20.0,BASEBALL_SAVANT_CURRENT_SEASON_VS_HAND,2026-08-28T17:22:47+00:00,CURRENT
687957,"Harris, Dustin",,2026,47.0,7.0,14.893617021276595,12.0,1.0,8.333333333333332,59,8,13.559322033898304,BASEBALL_SAVANT_CURRENT_SEASON_VS_HAND,2026-08-28T17:22:47+00:00,CURRENT
663647,"Hayes, Ke'Bryan",,2026,163.0,31.0,19.018404907975462,48.0,9.0,18.75,211,40,18.95734597156398,BASEBALL_SAVANT_CURRENT_SEASON_VS_HAND,2026-08-28T17:22:47+00:00,CURRENT
669720,"Hays, Austin",,2026,41.0,12.0,29.268292682926827,29.0,8.0,27.58620689655172,70,20,28.57142857142857,BASEBALL_SAVANT_CURRENT_SEASON_VS_HAND,2026-08-28T17:22:47+00:00,CURRENT
595978,"Hedges, Austin",,2026,107.0,25.0,23.36448598130841,96.0,10.0,10.416666666666668,203,35,17.24137931034483,BASEBALL_SAVANT_CURRENT_SEASON_VS_HAND,2026-08-28T17:22:47+00:00,CURRENT
641680,"Heim, Jonah",,2026,172.0,33.0,19.186046511627907,138.0,25.0,18.115942028985508,310,58,18.70967741935484,BASEBALL_SAVANT_CURRENT_SEASON_VS_HAND,2026-08-28T17:22:47+00:00,CURRENT
623168,"Heineman, Tyler",,2026,117.0,18.0,15.384615384615383,45.0,7.0,15.555555555555555,162,25,15.432098765432098,BASEBALL_SAVANT_CURRENT_SEASON_VS_HAND,2026-08-28T17:22:47+00:00,CURRENT
680737,"Helman, Michael",,2026,19.0,2.0,10.526315789473683,16.0,4.0,25.0,35,6,17.142857142857142,BASEBALL_SAVANT_CURRENT_SEASON_VS_HAND,2026-08-28T17:22:47+00:00,CURRENT
683002,"Henderson, Gunnar",,2026,412.0,92.0,22.330097087378643,190.0,40.0,21.052631578947366,602,132,21.92691029900332,BASEBALL_SAVANT_CURRENT_SEASON_VS_HAND,2026-08-28T17:22:47+00:00,CURRENT
687231,"Hernaiz, Darell",,2026,96.0,18.0,18.75,56.0,9.0,16.071428571428573,152,27,17.763157894736842,BASEBALL_SAVANT_CURRENT_SEASON_VS_HAND,2026-08-28T17:22:47+00:00,CURRENT
571771,"Hernández, Enrique",,2026,11.0,4.0,36.36363636363637,28.0,7.0,25.0,39,11,28.205128205128204,BASEBALL_SAVANT_CURRENT_SEASON_VS_HAND,2026-08-28T17:22:47+00:00,CURRENT
681715,"Hernández, Heriberto",,2026,248.0,73.0,29.435483870967744,129.0,29.0,22.48062015503876,377,102,27.055702917771885,BASEBALL_SAVANT_CURRENT_SEASON_VS_HAND,2026-08-28T17:22:47+00:00,CURRENT
606192,"Hernández, Teoscar",,2026,270.0,81.0,30.0,108.0,25.0,23.14814814814815,378,106,28.04232804232804,BASEBALL_SAVANT_CURRENT_SEASON_VS_HAND,2026-08-28T17:22:47+00:00,CURRENT
671056,"Herrera, Iván",,2026,410.0,81.0,19.75609756097561,189.0,30.0,15.873015873015872,599,111,18.53088480801336,BASEBALL_SAVANT_CURRENT_SEASON_VS_HAND,2026-08-28T17:22:47+00:00,CURRENT
676551,"Hicklen, Brewer",,2026,20.0,7.0,35.0,3.0,1.0,33.33333333333333,23,8,34.78260869565217,BASEBALL_SAVANT_CURRENT_SEASON_VS_HAND,2026-08-28T17:22:47+00:00,CURRENT
689414,"Hicks, Liam",,2026,375.0,29.0,7.733333333333333,103.0,16.0,15.53398058252427,478,45,9.414225941422592,BASEBALL_SAVANT_CURRENT_SEASON_VS_HAND,2026-08-28T17:22:47+00:00,CURRENT
543309,"Higashioka, Kyle",,2026,132.0,35.0,26.51515151515152,54.0,12.0,22.22222222222222,186,47,25.26881720430108,BASEBALL_SAVANT_CURRENT_SEASON_VS_HAND,2026-08-28T17:22:47+00:00,CURRENT
664731,"Higgins, P.J.",,2026,28.0,7.0,25.0,4.0,1.0,25.0,32,8,25.0,BASEBALL_SAVANT_CURRENT_SEASON_VS_HAND,2026-08-28T17:22:47+00:00,CURRENT
656537,"Hill, Derek",,2026,74.0,25.0,33.78378378378378,110.0,38.0,34.54545454545455,184,63,34.23913043478261,BASEBALL_SAVANT_CURRENT_SEASON_VS_HAND,2026-08-28T17:22:47+00:00,CURRENT
806367,"Hill, Turner",,2026,28.0,5.0,17.857142857142858,3.0,0.0,0.0,31,5,16.129032258064516,BASEBALL_SAVANT_CURRENT_SEASON_VS_HAND,2026-08-28T17:22:47+00:00,CURRENT
677956,"Hinds, Rece",,2026,26.0,10.0,38.46153846153847,12.0,9.0,75.0,38,19,50.0,BASEBALL_SAVANT_CURRENT_SEASON_VS_HAND,2026-08-28T17:22:47+00:00,CURRENT
663538,"Hoerner, Nico",,2026,428.0,35.0,8.177570093457943,147.0,15.0,10.20408163265306,575,50,8.695652173913043,BASEBALL_SAVANT_CURRENT_SEASON_VS_HAND,2026-08-28T17:22:47+00:00,CURRENT
702616,"Holliday, Jackson",,2026,217.0,45.0,20.737327188940093,74.0,19.0,25.675675675675677,291,64,21.993127147766323,BASEBALL_SAVANT_CURRENT_SEASON_VS_HAND,2026-08-28T17:22:47+00:00,CURRENT
687462,"Horwitz, Spencer",,2026,301.0,44.0,14.61794019933555,70.0,12.0,17.142857142857142,371,56,15.09433962264151,BASEBALL_SAVANT_CURRENT_SEASON_VS_HAND,2026-08-28T17:22:47+00:00,CURRENT
656555,"Hoskins, Rhys",,2026,192.0,58.0,30.20833333333333,127.0,42.0,33.07086614173229,319,100,31.347962382445143,BASEBALL_SAVANT_CURRENT_SEASON_VS_HAND,2026-08-28T17:22:47+00:00,CURRENT
691781,"House, Brady",,2026,191.0,56.0,29.31937172774869,83.0,20.0,24.09638554216868,274,76,27.73722627737226,BASEBALL_SAVANT_CURRENT_SEASON_VS_HAND,2026-08-28T17:22:47+00:00,CURRENT
669087,"Huff, Sam",,2026,22.0,12.0,54.54545454545454,12.0,7.0,58.333333333333336,34,19,55.88235294117647,BASEBALL_SAVANT_CURRENT_SEASON_VS_HAND,2026-08-28T17:22:47+00:00,CURRENT
675448,"Hunt, Blake",,2026,1.0,1.0,100.0,2.0,2.0,100.0,3,3,100.0,BASEBALL_SAVANT_CURRENT_SEASON_VS_HAND,2026-08-28T17:22:47+00:00,CURRENT
628451,"Ibáñez, Andy",,2026,2.0,0.0,0.0,24.0,3.0,12.5,26,3,11.538461538461538,BASEBALL_SAVANT_CURRENT_SEASON_VS_HAND,2026-08-28T17:22:47+00:00,CURRENT
663697,"India, Jonathan",,2026,35.0,8.0,22.857142857142858,23.0,5.0,21.73913043478261,58,13,22.41379310344828,BASEBALL_SAVANT_CURRENT_SEASON_VS_HAND,2026-08-28T17:22:47+00:00,CURRENT
694876,"Ingle, Cooper",,2026,20.0,10.0,50.0,4.0,2.0,50.0,24,12,50.0,BASEBALL_SAVANT_CURRENT_SEASON_VS_HAND,2026-08-28T17:22:47+00:00,CURRENT
664728,"Isbel, Kyle",,2026,191.0,43.0,22.5130890052356,60.0,12.0,20.0,251,55,21.91235059760956,BASEBALL_SAVANT_CURRENT_SEASON_VS_HAND,2026-08-28T17:22:47+00:00,CURRENT
656577,"Jackson, Alex",,2026,45.0,11.0,24.444444444444443,24.0,12.0,50.0,69,23,33.33333333333333,BASEBALL_SAVANT_CURRENT_SEASON_VS_HAND,2026-08-28T17:22:47+00:00,CURRENT
669236,"Jackson, Jeremiah",,2026,169.0,30.0,17.75147928994083,80.0,21.0,26.25,249,51,20.48192771084337,BASEBALL_SAVANT_CURRENT_SEASON_VS_HAND,2026-08-28T17:22:47+00:00,CURRENT
643376,"Jansen, Danny",,2026,114.0,32.0,28.07017543859649,42.0,14.0,33.33333333333333,156,46,29.48717948717949,BASEBALL_SAVANT_CURRENT_SEASON_VS_HAND,2026-08-28T17:22:47+00:00,CURRENT
805347,"Jarvis, Jim",,2026,101.0,19.0,18.81188118811881,23.0,4.0,17.391304347826086,124,23,18.548387096774192,BASEBALL_SAVANT_CURRENT_SEASON_VS_HAND,2026-08-28T17:22:47+00:00,CURRENT
680777,"Jeffers, Ryan",,2026,176.0,32.0,18.181818181818183,106.0,14.0,13.20754716981132,282,46,16.312056737588655,BASEBALL_SAVANT_CURRENT_SEASON_VS_HAND,2026-08-28T17:22:47+00:00,CURRENT
695600,"Jensen, Carter",,2026,359.0,100.0,27.85515320334262,139.0,42.0,30.215827338129497,498,142,28.5140562248996,BASEBALL_SAVANT_CURRENT_SEASON_VS_HAND,2026-08-28T17:22:47+00:00,CURRENT
650391,"Jiménez, Eloy",,2026,22.0,5.0,22.727272727272727,13.0,2.0,15.384615384615383,35,7,20.0,BASEBALL_SAVANT_CURRENT_SEASON_VS_HAND,2026-08-28T17:22:47+00:00,CURRENT
677870,"Jiménez, Leo",,2026,95.0,18.0,18.947368421052637,87.0,17.0,19.54022988505747,182,35,19.230769230769237,BASEBALL_SAVANT_CURRENT_SEASON_VS_HAND,2026-08-28T17:22:47+00:00,CURRENT
656582,"Joe, Connor",,2026,19.0,6.0,31.57894736842105,26.0,9.0,34.61538461538461,45,15,33.33333333333333,BASEBALL_SAVANT_CURRENT_SEASON_VS_HAND,2026-08-28T17:22:47+00:00,CURRENT
669369,"Johnson, Bryce",,2026,36.0,13.0,36.11111111111111,13.0,5.0,38.46153846153847,49,18,36.734693877551024,BASEBALL_SAVANT_CURRENT_SEASON_VS_HAND,2026-08-28T17:22:47+00:00,CURRENT
669288,"Johnson, Daniel",,2026,13.0,3.0,23.07692307692308,4.0,0.0,0.0,17,3,17.647058823529413,BASEBALL_SAVANT_CURRENT_SEASON_VS_HAND,2026-08-28T17:22:47+00:00,CURRENT
671155,"Johnson, Ivan",,2026,7.0,3.0,42.85714285714285,10.0,3.0,30.0,17,6,35.294117647058826,BASEBALL_SAVANT_CURRENT_SEASON_VS_HAND,2026-08-28T17:22:47+00:00,CURRENT
687859,"Johnston, Troy",,2026,303.0,53.0,17.491749174917494,91.0,13.0,14.285714285714285,394,66,16.751269035532996,BASEBALL_SAVANT_CURRENT_SEASON_VS_HAND,2026-08-28T17:22:47+00:00,CURRENT
675659,"Jones, Greg",,2026,17.0,7.0,41.17647058823529,7.0,3.0,42.85714285714285,24,10,41.66666666666667,BASEBALL_SAVANT_CURRENT_SEASON_VS_HAND,2026-08-28T17:22:47+00:00,CURRENT
663330,"Jones, Jahmai",,2026,22.0,9.0,40.909090909090914,114.0,33.0,28.947368421052637,136,42,30.88235294117647,BASEBALL_SAVANT_CURRENT_SEASON_VS_HAND,2026-08-28T17:22:47+00:00,CURRENT
682987,"Jones, Spencer",,2026,156.0,59.0,37.82051282051282,34.0,9.0,26.47058823529412,190,68,35.78947368421053,BASEBALL_SAVANT_CURRENT_SEASON_VS_HAND,2026-08-28T17:22:47+00:00,CURRENT
691458,"Jordan, Blaze",,2026,123.0,21.0,17.073170731707318,76.0,9.0,11.842105263157894,199,30,15.07537688442211,BASEBALL_SAVANT_CURRENT_SEASON_VS_HAND,2026-08-28T17:22:47+00:00,CURRENT
592450,"Judge, Aaron",,2026,185.0,52.0,28.10810810810811,76.0,20.0,26.31578947368421,261,72,27.58620689655172,BASEBALL_SAVANT_CURRENT_SEASON_VS_HAND,2026-08-28T17:22:47+00:00,CURRENT
666397,"Julien, Edouard",,2026,250.0,62.0,24.8,26.0,9.0,34.61538461538461,276,71,25.724637681159415,BASEBALL_SAVANT_CURRENT_SEASON_VS_HAND,2026-08-28T17:22:47+00:00,CURRENT
667452,"Julks, Corey",,2026,,,,6.0,1.0,16.666666666666664,6,1,16.666666666666664,BASEBALL_SAVANT_CURRENT_SEASON_VS_HAND,2026-08-28T17:22:47+00:00,CURRENT
690291,"Jung, Jace",,2026,8.0,1.0,12.5,,,,8,1,12.5,BASEBALL_SAVANT_CURRENT_SEASON_VS_HAND,2026-08-28T17:22:47+00:00,CURRENT
673962,"Jung, Josh",,2026,303.0,59.0,19.471947194719476,93.0,12.0,12.903225806451612,396,71,17.929292929292927,BASEBALL_SAVANT_CURRENT_SEASON_VS_HAND,2026-08-28T17:22:47+00:00,CURRENT
691720,"Karros, Kyle",,2026,263.0,54.0,20.53231939163498,142.0,28.0,19.718309859154928,405,82,20.246913580246915,BASEBALL_SAVANT_CURRENT_SEASON_VS_HAND,2026-08-28T17:22:47+00:00,CURRENT
692216,"Kayfus, CJ",,2026,22.0,6.0,27.27272727272727,3.0,2.0,66.66666666666666,25,8,32.0,BASEBALL_SAVANT_CURRENT_SEASON_VS_HAND,2026-08-28T17:22:47+00:00,CURRENT
807712,"Keaschall, Luke",,2026,337.0,49.0,14.540059347181009,163.0,28.0,17.177914110429448,500,77,15.4,BASEBALL_SAVANT_CURRENT_SEASON_VS_HAND,2026-08-28T17:22:47+00:00,CURRENT
690993,"Keith, Colt",,2026,353.0,67.0,18.980169971671387,25.0,4.0,16.0,378,71,18.78306878306878,BASEBALL_SAVANT_CURRENT_SEASON_VS_HAND,2026-08-28T17:22:47+00:00,CURRENT
672284,"Kelenic, Jarred",,2026,73.0,28.0,38.35616438356164,10.0,3.0,30.0,83,31,37.34939759036144,BASEBALL_SAVANT_CURRENT_SEASON_VS_HAND,2026-08-28T17:22:47+00:00,CURRENT
608348,"Kelly, Carson",,2026,231.0,37.0,16.017316017316016,119.0,22.0,18.487394957983195,350,59,16.857142857142858,BASEBALL_SAVANT_CURRENT_SEASON_VS_HAND,2026-08-28T17:22:47+00:00,CURRENT
805249,"Kemp, Otto",,2026,5.0,2.0,40.0,22.0,8.0,36.36363636363637,27,10,37.03703703703704,BASEBALL_SAVANT_CURRENT_SEASON_VS_HAND,2026-08-28T17:22:47+00:00,CURRENT
671083,"Kennedy, Buddy",,2026,20.0,4.0,20.0,29.0,11.0,37.93103448275862,49,15,30.612244897959183,BASEBALL_SAVANT_CURRENT_SEASON_VS_HAND,2026-08-28T17:22:47+00:00,CURRENT
596146,"Kepler, Max",,2026,123.0,26.0,21.138211382113823,12.0,3.0,25.0,135,29,21.48148148148148,BASEBALL_SAVANT_CURRENT_SEASON_VS_HAND,2026-08-28T17:22:47+00:00,CURRENT
815873,"Keys, Sean",,2026,34.0,12.0,35.294117647058826,3.0,1.0,33.33333333333333,37,13,35.13513513513514,BASEBALL_SAVANT_CURRENT_SEASON_VS_HAND,2026-08-28T17:22:47+00:00,CURRENT
673490,"Kim, Ha-Seong",,2026,43.0,12.0,27.906976744186046,46.0,13.0,28.26086956521739,89,25,28.08988764044944,BASEBALL_SAVANT_CURRENT_SEASON_VS_HAND,2026-08-28T17:22:47+00:00,CURRENT
808975,"Kim, Hyeseong",,2026,116.0,26.0,22.41379310344828,15.0,5.0,33.33333333333333,131,31,23.66412213740458,BASEBALL_SAVANT_CURRENT_SEASON_VS_HAND,2026-08-28T17:22:47+00:00,CURRENT
643396,"Kiner-Falefa, Isiah",,2026,91.0,10.0,10.989010989010987,42.0,8.0,19.047619047619047,133,18,13.533834586466163,BASEBALL_SAVANT_CURRENT_SEASON_VS_HAND,2026-08-28T17:22:47+00:00,CURRENT
664068,"Kingery, Scott",,2026,2.0,0.0,0.0,2.0,0.0,0.0,4,0,0.0,BASEBALL_SAVANT_CURRENT_SEASON_VS_HAND,2026-08-28T17:22:47+00:00,CURRENT
672386,"Kirk, Alejandro",,2026,154.0,12.0,7.792207792207792,76.0,13.0,17.105263157894736,230,25,10.869565217391305,BASEBALL_SAVANT_CURRENT_SEASON_VS_HAND,2026-08-28T17:22:47+00:00,CURRENT
668800,"Knizner, Andrew",,2026,6.0,1.0,16.666666666666664,15.0,2.0,13.333333333333334,21,3,14.285714285714285,BASEBALL_SAVANT_CURRENT_SEASON_VS_HAND,2026-08-28T17:22:47+00:00,CURRENT
683766,"Koss, Christian",,2026,85.0,23.0,27.058823529411764,35.0,8.0,22.857142857142858,120,31,25.833333333333336,BASEBALL_SAVANT_CURRENT_SEASON_VS_HAND,2026-08-28T17:22:47+00:00,CURRENT
668952,"Kreidler, Ryan",,2026,126.0,33.0,26.190476190476197,100.0,16.0,16.0,226,49,21.68141592920354,BASEBALL_SAVANT_CURRENT_SEASON_VS_HAND,2026-08-28T17:22:47+00:00,CURRENT
811965,"Kuroda-Grauer, Joshua",,2026,35.0,4.0,11.428571428571429,27.0,3.0,11.11111111111111,62,7,11.29032258064516,BASEBALL_SAVANT_CURRENT_SEASON_VS_HAND,2026-08-28T17:22:47+00:00,CURRENT
701762,"Kurtz, Nick",,2026,278.0,81.0,29.136690647482016,158.0,60.0,37.9746835443038,436,141,32.3394495412844,BASEBALL_SAVANT_CURRENT_SEASON_VS_HAND,2026-08-28T17:22:47+00:00,CURRENT
680757,"Kwan, Steven",,2026,366.0,30.0,8.19672131147541,154.0,21.0,13.636363636363637,520,51,9.807692307692308,BASEBALL_SAVANT_CURRENT_SEASON_VS_HAND,2026-08-28T17:22:47+00:00,CURRENT
669127,"Langeliers, Shea",,2026,289.0,69.0,23.87543252595156,128.0,27.0,21.09375,417,96,23.021582733812952,BASEBALL_SAVANT_CURRENT_SEASON_VS_HAND,2026-08-28T17:22:47+00:00,CURRENT
694671,"Langford, Wyatt",,2026,239.0,49.0,20.502092050209207,114.0,26.0,22.807017543859647,353,75,21.246458923512748,BASEBALL_SAVANT_CURRENT_SEASON_VS_HAND,2026-08-28T17:22:47+00:00,CURRENT
800325,"Lara, Luis",,2026,99.0,21.0,21.21212121212121,37.0,5.0,13.513513513513514,136,26,19.11764705882353,BASEBALL_SAVANT_CURRENT_SEASON_VS_HAND,2026-08-28T17:22:47+00:00,CURRENT
663616,"Larnach, Trevor",,2026,343.0,58.0,16.909620991253643,48.0,11.0,22.916666666666664,391,69,17.647058823529413,BASEBALL_SAVANT_CURRENT_SEASON_VS_HAND,2026-08-28T17:22:47+00:00,CURRENT
657656,"Laureano, Ramón",,2026,151.0,50.0,33.11258278145696,55.0,15.0,27.27272727272727,206,65,31.55339805825243,BASEBALL_SAVANT_CURRENT_SEASON_VS_HAND,2026-08-28T17:22:47+00:00,CURRENT
691783,"Lawlar, Jordan",,2026,38.0,12.0,31.57894736842105,32.0,7.0,21.875,70,19,27.142857142857142,BASEBALL_SAVANT_CURRENT_SEASON_VS_HAND,2026-08-28T17:22:47+00:00,CURRENT
686797,"Lee, Brooks",,2026,347.0,44.0,12.680115273775217,167.0,39.0,23.35329341317365,514,83,16.147859922178988,BASEBALL_SAVANT_CURRENT_SEASON_VS_HAND,2026-08-28T17:22:47+00:00,CURRENT
701678,"Lee, Hao-Yu",,2026,137.0,31.0,22.62773722627737,112.0,25.0,22.321428571428573,249,56,22.48995983935743,BASEBALL_SAVANT_CURRENT_SEASON_VS_HAND,2026-08-28T17:22:47+00:00,CURRENT
808982,"Lee, Jung Hoo",,2026,343.0,30.0,8.746355685131196,150.0,19.0,12.666666666666668,493,49,9.939148073022311,BASEBALL_SAVANT_CURRENT_SEASON_VS_HAND,2026-08-28T17:22:47+00:00,CURRENT
678760,"Leonard, Eddys",,2026,3.0,1.0,33.33333333333333,5.0,1.0,20.0,8,2,25.0,BASEBALL_SAVANT_CURRENT_SEASON_VS_HAND,2026-08-28T17:22:47+00:00,CURRENT
668904,"Lewis, Royce",,2026,293.0,77.0,26.27986348122867,111.0,22.0,19.81981981981982,404,99,24.504950495049503,BASEBALL_SAVANT_CURRENT_SEASON_VS_HAND,2026-08-28T17:22:47+00:00,CURRENT
506702,"León, Sandy",,2026,24.0,10.0,41.66666666666667,20.0,8.0,40.0,44,18,40.909090909090914,BASEBALL_SAVANT_CURRENT_SEASON_VS_HAND,2026-08-28T17:22:47+00:00,CURRENT
695734,"Lile, Daylen",,2026,408.0,72.0,17.647058823529413,150.0,35.0,23.33333333333333,558,107,19.17562724014337,BASEBALL_SAVANT_CURRENT_SEASON_VS_HAND,2026-08-28T17:22:47+00:00,CURRENT
596019,"Lindor, Francisco",,2026,230.0,49.0,21.30434782608696,104.0,14.0,13.461538461538462,334,63,18.862275449101794,BASEBALL_SAVANT_CURRENT_SEASON_VS_HAND,2026-08-28T17:22:47+00:00,CURRENT
682988,"Locklear, Tyler",,2026,29.0,5.0,17.24137931034483,13.0,4.0,30.76923076923077,42,9,21.428571428571427,BASEBALL_SAVANT_CURRENT_SEASON_VS_HAND,2026-08-28T17:22:47+00:00,CURRENT
663604,"Lockridge, Brandon",,2026,66.0,16.0,24.24242424242424,46.0,16.0,34.78260869565217,112,32,28.57142857142857,BASEBALL_SAVANT_CURRENT_SEASON_VS_HAND,2026-08-28T17:22:47+00:00,CURRENT
679845,"Loftin, Nick",,2026,201.0,33.0,16.417910447761194,142.0,21.0,14.788732394366196,343,54,15.743440233236154,BASEBALL_SAVANT_CURRENT_SEASON_VS_HAND,2026-08-28T17:22:47+00:00,CURRENT
806146,"Lombard Jr., George",,2026,68.0,18.0,26.47058823529412,11.0,4.0,36.36363636363637,79,22,27.848101265822784,BASEBALL_SAVANT_CURRENT_SEASON_VS_HAND,2026-08-28T17:22:47+00:00,CURRENT
694388,"Loperfido, Joey",,2026,106.0,28.0,26.41509433962264,14.0,3.0,21.428571428571427,120,31,25.833333333333336,BASEBALL_SAVANT_CURRENT_SEASON_VS_HAND,2026-08-28T17:22:47+00:00,CURRENT
670032,"Lopez, Nicky",,2026,171.0,30.0,17.543859649122805,56.0,8.0,14.285714285714285,227,38,16.740088105726873,BASEBALL_SAVANT_CURRENT_SEASON_VS_HAND,2026-08-28T17:22:47+00:00,CURRENT
672640,"Lopez, Otto",,2026,431.0,55.0,12.761020881670534,136.0,16.0,11.76470588235294,567,71,12.522045855379188,BASEBALL_SAVANT_CURRENT_SEASON_VS_HAND,2026-08-28T17:22:47+00:00,CURRENT
664040,"Lowe, Brandon",,2026,377.0,97.0,25.72944297082228,176.0,66.0,37.5,553,163,29.475587703435806,BASEBALL_SAVANT_CURRENT_SEASON_VS_HAND,2026-08-28T17:22:47+00:00,CURRENT
666139,"Lowe, Josh",,2026,227.0,63.0,27.75330396475771,50.0,16.0,32.0,277,79,28.51985559566787,BASEBALL_SAVANT_CURRENT_SEASON_VS_HAND,2026-08-28T17:22:47+00:00,CURRENT
663993,"Lowe, Nathaniel",,2026,316.0,72.0,22.78481012658228,35.0,10.0,28.57142857142857,351,82,23.36182336182336,BASEBALL_SAVANT_CURRENT_SEASON_VS_HAND,2026-08-28T17:22:47+00:00,CURRENT
683090,"Lugo, Matthew",,2026,1.0,0.0,0.0,,,,1,0,0.0,BASEBALL_SAVANT_CURRENT_SEASON_VS_HAND,2026-08-28T17:22:47+00:00,CURRENT
664770,"Lukes, Nathan",,2026,290.0,39.0,13.448275862068964,64.0,14.0,21.875,354,53,14.97175141242938,BASEBALL_SAVANT_CURRENT_SEASON_VS_HAND,2026-08-28T17:22:47+00:00,CURRENT
592518,"Machado, Manny",,2026,426.0,94.0,22.06572769953052,134.0,27.0,20.149253731343283,560,121,21.607142857142858,BASEBALL_SAVANT_CURRENT_SEASON_VS_HAND,2026-08-28T17:22:47+00:00,CURRENT
691788,"Mack, Joe",,2026,210.0,52.0,24.761904761904763,54.0,15.0,27.77777777777778,264,67,25.37878787878788,BASEBALL_SAVANT_CURRENT_SEASON_VS_HAND,2026-08-28T17:22:47+00:00,CURRENT
663611,"Madrigal, Nick",,2026,37.0,2.0,5.405405405405405,15.0,1.0,6.666666666666667,52,3,5.769230769230769,BASEBALL_SAVANT_CURRENT_SEASON_VS_HAND,2026-08-28T17:22:47+00:00,CURRENT
571912,"Maile, Luke",,2026,9.0,2.0,22.22222222222222,21.0,9.0,42.85714285714285,30,11,36.66666666666666,BASEBALL_SAVANT_CURRENT_SEASON_VS_HAND,2026-08-28T17:22:47+00:00,CURRENT
701162,"Malgeri, Ben",,2026,29.0,5.0,17.24137931034483,51.0,13.0,25.49019607843137,80,18,22.5,BASEBALL_SAVANT_CURRENT_SEASON_VS_HAND,2026-08-28T17:22:47+00:00,CURRENT
641820,"Mancini, Trey",,2026,10.0,1.0,10.0,4.0,2.0,50.0,14,3,21.428571428571427,BASEBALL_SAVANT_CURRENT_SEASON_VS_HAND,2026-08-28T17:22:47+00:00,CURRENT
663968,"Mangum, Jake",,2026,291.0,57.0,19.587628865979383,109.0,21.0,19.26605504587156,400,78,19.5,BASEBALL_SAVANT_CURRENT_SEASON_VS_HAND,2026-08-28T17:22:47+00:00,CURRENT
700932,"Manzardo, Kyle",,2026,283.0,94.0,33.215547703180206,73.0,20.0,27.3972602739726,356,114,32.02247191011236,BASEBALL_SAVANT_CURRENT_SEASON_VS_HAND,2026-08-28T17:22:47+00:00,CURRENT
665561,"Marchán, Rafael",,2026,63.0,9.0,14.285714285714285,29.0,5.0,17.24137931034483,92,14,15.217391304347828,BASEBALL_SAVANT_CURRENT_SEASON_VS_HAND,2026-08-28T17:22:47+00:00,CURRENT
805300,"Marsee, Jakob",,2026,400.0,78.0,19.5,113.0,30.0,26.548672566371685,513,108,21.052631578947366,BASEBALL_SAVANT_CURRENT_SEASON_VS_HAND,2026-08-28T17:22:47+00:00,CURRENT
669016,"Marsh, Brandon",,2026,380.0,81.0,21.31578947368421,121.0,45.0,37.1900826446281,501,126,25.149700598802397,BASEBALL_SAVANT_CURRENT_SEASON_VS_HAND,2026-08-28T17:22:47+00:00,CURRENT
606466,"Marte, Ketel",,2026,388.0,61.0,15.721649484536082,131.0,17.0,12.97709923664122,519,78,15.028901734104046,BASEBALL_SAVANT_CURRENT_SEASON_VS_HAND,2026-08-28T17:22:47+00:00,CURRENT
682622,"Marte, Noelvi",,2026,148.0,33.0,22.2972972972973,53.0,19.0,35.84905660377358,201,52,25.870646766169152,BASEBALL_SAVANT_CURRENT_SEASON_VS_HAND,2026-08-28T17:22:47+00:00,CURRENT
516782,"Marte, Starling",,2026,42.0,11.0,26.190476190476197,126.0,30.0,23.809523809523807,168,41,24.404761904761905,BASEBALL_SAVANT_CURRENT_SEASON_VS_HAND,2026-08-28T17:22:47+00:00,CURRENT
668885,"Martin, Austin",,2026,177.0,36.0,20.33898305084746,159.0,24.0,15.09433962264151,336,60,17.857142857142858,BASEBALL_SAVANT_CURRENT_SEASON_VS_HAND,2026-08-28T17:22:47+00:00,CURRENT
683079,"Martinez, Omar",,2026,3.0,1.0,33.33333333333333,,,,3,1,33.33333333333333,BASEBALL_SAVANT_CURRENT_SEASON_VS_HAND,2026-08-28T17:22:47+00:00,CURRENT
682657,"Martínez, Angel",,2026,223.0,56.0,25.112107623318387,114.0,17.0,14.912280701754383,337,73,21.66172106824926,BASEBALL_SAVANT_CURRENT_SEASON_VS_HAND,2026-08-28T17:22:47+00:00,CURRENT
686681,"Massey, Michael",,2026,281.0,41.0,14.590747330960854,85.0,21.0,24.705882352941178,366,62,16.939890710382514,BASEBALL_SAVANT_CURRENT_SEASON_VS_HAND,2026-08-28T17:22:47+00:00,CURRENT
670156,"Mastrobuoni, Miles",,2026,28.0,10.0,35.714285714285715,2.0,0.0,0.0,30,10,33.33333333333333,BASEBALL_SAVANT_CURRENT_SEASON_VS_HAND,2026-08-28T17:22:47+00:00,CURRENT
622761,"Mateo, Jorge",,2026,94.0,27.0,28.723404255319156,63.0,18.0,28.57142857142857,157,45,28.662420382165603,BASEBALL_SAVANT_CURRENT_SEASON_VS_HAND,2026-08-28T17:22:47+00:00,CURRENT
682641,"Matos, Luis",,2026,8.0,1.0,12.5,13.0,6.0,46.15384615384615,21,7,33.33333333333333,BASEBALL_SAVANT_CURRENT_SEASON_VS_HAND,2026-08-28T17:22:47+00:00,CURRENT
694728,"Matthews, Brice",,2026,145.0,45.0,31.03448275862069,82.0,26.0,31.70731707317073,227,71,31.277533039647576,BASEBALL_SAVANT_CURRENT_SEASON_VS_HAND,2026-08-28T17:22:47+00:00,CURRENT
677595,"Mauricio, Ronny",,2026,39.0,13.0,33.33333333333333,11.0,5.0,45.45454545454545,50,18,36.0,BASEBALL_SAVANT_CURRENT_SEASON_VS_HAND,2026-08-28T17:22:47+00:00,CURRENT
691785,"Mayer, Marcelo",,2026,210.0,42.0,20.0,18.0,2.0,11.11111111111111,228,44,19.29824561403509,BASEBALL_SAVANT_CURRENT_SEASON_VS_HAND,2026-08-28T17:22:47+00:00,CURRENT
691723,"Mayo, Coby",,2026,225.0,79.0,35.11111111111111,124.0,34.0,27.41935483870968,349,113,32.37822349570201,BASEBALL_SAVANT_CURRENT_SEASON_VS_HAND,2026-08-28T17:22:47+00:00,CURRENT
807727,"McAdoo, Charles",,2026,35.0,7.0,20.0,38.0,13.0,34.21052631578947,73,20,27.3972602739726,BASEBALL_SAVANT_CURRENT_SEASON_VS_HAND,2026-08-28T17:22:47+00:00,CURRENT
543510,"McCann, James",,2026,77.0,20.0,25.97402597402597,53.0,10.0,18.867924528301888,130,30,23.07692307692308,BASEBALL_SAVANT_CURRENT_SEASON_VS_HAND,2026-08-28T17:22:47+00:00,CURRENT
664983,"McCarthy, Jake",,2026,345.0,59.0,17.101449275362317,126.0,21.0,16.666666666666664,471,80,16.985138004246284,BASEBALL_SAVANT_CURRENT_SEASON_VS_HAND,2026-08-28T17:22:47+00:00,CURRENT
687529,"McCray, Grant",,2026,44.0,11.0,25.0,14.0,6.0,42.85714285714285,58,17,29.310344827586203,BASEBALL_SAVANT_CURRENT_SEASON_VS_HAND,2026-08-28T17:22:47+00:00,CURRENT
457705,"McCutchen, Andrew",,2026,33.0,14.0,42.42424242424242,50.0,8.0,16.0,83,22,26.506024096385545,BASEBALL_SAVANT_CURRENT_SEASON_VS_HAND,2026-08-28T17:22:47+00:00,CURRENT
805808,"McGonigle, Kevin",,2026,417.0,48.0,11.510791366906476,167.0,32.0,19.16167664670659,584,80,13.6986301369863,BASEBALL_SAVANT_CURRENT_SEASON_VS_HAND,2026-08-28T17:22:47+00:00,CURRENT
624512,"McGuire, Reese",,2026,31.0,8.0,25.806451612903224,3.0,1.0,33.33333333333333,34,9,26.47058823529412,BASEBALL_SAVANT_CURRENT_SEASON_VS_HAND,2026-08-28T17:22:47+00:00,CURRENT
656716,"McKinstry, Zach",,2026,296.0,45.0,15.202702702702704,74.0,13.0,17.56756756756757,370,58,15.675675675675675,BASEBALL_SAVANT_CURRENT_SEASON_VS_HAND,2026-08-28T17:22:47+00:00,CURRENT
680574,"McLain, Matt",,2026,313.0,92.0,29.39297124600639,97.0,20.0,20.61855670103093,410,112,27.31707317073171,BASEBALL_SAVANT_CURRENT_SEASON_VS_HAND,2026-08-28T17:22:47+00:00,CURRENT
641857,"McMahon, Ryan",,2026,246.0,73.0,29.67479674796748,60.0,20.0,33.33333333333333,306,93,30.392156862745097,BASEBALL_SAVANT_CURRENT_SEASON_VS_HAND,2026-08-28T17:22:47+00:00,CURRENT
643446,"McNeil, Jeff",,2026,321.0,38.0,11.838006230529595,87.0,7.0,8.045977011494253,408,45,11.029411764705882,BASEBALL_SAVANT_CURRENT_SEASON_VS_HAND,2026-08-28T17:22:47+00:00,CURRENT
678554,"Mead, Curtis",,2026,189.0,36.0,19.047619047619047,142.0,27.0,19.01408450704225,331,63,19.033232628398792,BASEBALL_SAVANT_CURRENT_SEASON_VS_HAND,2026-08-28T17:22:47+00:00,CURRENT
678009,"Meadows, Parker",,2026,38.0,10.0,26.31578947368421,1.0,0.0,0.0,39,10,25.64102564102564,BASEBALL_SAVANT_CURRENT_SEASON_VS_HAND,2026-08-28T17:22:47+00:00,CURRENT
685133,"Meckler, Wade",,2026,196.0,42.0,21.428571428571427,33.0,7.0,21.21212121212121,229,49,21.397379912663755,BASEBALL_SAVANT_CURRENT_SEASON_VS_HAND,2026-08-28T17:22:47+00:00,CURRENT
682989,"Mederos, Victor",,2026,1.0,0.0,0.0,,,,1,0,0.0,BASEBALL_SAVANT_CURRENT_SEASON_VS_HAND,2026-08-28T17:22:47+00:00,CURRENT
805367,"Meidroth, Chase",,2026,383.0,91.0,23.75979112271541,158.0,30.0,18.9873417721519,541,121,22.36598890942699,BASEBALL_SAVANT_CURRENT_SEASON_VS_HAND,2026-08-28T17:22:47+00:00,CURRENT
669004,"Melendez, MJ",,2026,131.0,44.0,33.587786259541986,14.0,6.0,42.85714285714285,145,50,34.48275862068966,BASEBALL_SAVANT_CURRENT_SEASON_VS_HAND,2026-08-28T17:22:47+00:00,CURRENT
608841,"Meneses, Joey",,2026,9.0,2.0,22.22222222222222,16.0,2.0,12.5,25,4,16.0,BASEBALL_SAVANT_CURRENT_SEASON_VS_HAND,2026-08-28T17:22:47+00:00,CURRENT
701538,"Merrill, Jackson",,2026,400.0,93.0,23.25,151.0,43.0,28.47682119205298,551,136,24.68239564428312,BASEBALL_SAVANT_CURRENT_SEASON_VS_HAND,2026-08-28T17:22:47+00:00,CURRENT
683748,"Mesa Jr., Victor",,2026,147.0,34.0,23.12925170068027,32.0,6.0,18.75,179,40,22.3463687150838,BASEBALL_SAVANT_CURRENT_SEASON_VS_HAND,2026-08-28T17:22:47+00:00,CURRENT
676694,"Meyers, Jake",,2026,98.0,19.0,19.387755102040817,55.0,12.0,21.818181818181817,153,31,20.26143790849673,BASEBALL_SAVANT_CURRENT_SEASON_VS_HAND,2026-08-28T17:22:47+00:00,CURRENT
571945,"Mikolas, Miles",,2026,1.0,0.0,0.0,,,,1,0,0.0,BASEBALL_SAVANT_CURRENT_SEASON_VS_HAND,2026-08-28T17:22:47+00:00,CURRENT
686452,"Millas, Drew",,2026,132.0,28.0,21.21212121212121,20.0,9.0,45.0,152,37,24.34210526315789,BASEBALL_SAVANT_CURRENT_SEASON_VS_HAND,2026-08-28T17:22:47+00:00,CURRENT
670224,"Misner, Kameron",,2026,31.0,12.0,38.70967741935484,13.0,5.0,38.46153846153847,44,17,38.63636363636363,BASEBALL_SAVANT_CURRENT_SEASON_VS_HAND,2026-08-28T17:22:47+00:00,CURRENT
669003,"Mitchell, Garrett",,2026,340.0,110.0,32.35294117647059,101.0,30.0,29.7029702970297,441,140,31.746031746031743,BASEBALL_SAVANT_CURRENT_SEASON_VS_HAND,2026-08-28T17:22:47+00:00,CURRENT
655316,"Monasterio, Andruw",,2026,201.0,37.0,18.40796019900497,106.0,20.0,18.867924528301888,307,57,18.566775244299677,BASEBALL_SAVANT_CURRENT_SEASON_VS_HAND,2026-08-28T17:22:47+00:00,CURRENT
660162,"Moncada, Yoán",,2026,104.0,33.0,31.73076923076923,26.0,12.0,46.15384615384615,130,45,34.61538461538461,BASEBALL_SAVANT_CURRENT_SEASON_VS_HAND,2026-08-28T17:22:47+00:00,CURRENT
666160,"Moniak, Mickey",,2026,284.0,67.0,23.591549295774648,74.0,27.0,36.48648648648648,358,94,26.256983240223462,BASEBALL_SAVANT_CURRENT_SEASON_VS_HAND,2026-08-28T17:22:47+00:00,CURRENT
695731,"Montgomery, Braden",,2026,193.0,36.0,18.65284974093264,77.0,22.0,28.57142857142857,270,58,21.48148148148148,BASEBALL_SAVANT_CURRENT_SEASON_VS_HAND,2026-08-28T17:22:47+00:00,CURRENT
695657,"Montgomery, Colson",,2026,363.0,133.0,36.63911845730027,166.0,47.0,28.3132530120482,529,180,34.02646502835538,BASEBALL_SAVANT_CURRENT_SEASON_VS_HAND,2026-08-28T17:22:47+00:00,CURRENT
695681,"Moore, Christian",,2026,23.0,10.0,43.47826086956522,20.0,6.0,30.0,43,16,37.2093023255814,BASEBALL_SAVANT_CURRENT_SEASON_VS_HAND,2026-08-28T17:22:47+00:00,CURRENT
664238,"Moore, Dylan",,2026,3.0,2.0,66.66666666666666,12.0,4.0,33.33333333333333,15,6,40.0,BASEBALL_SAVANT_CURRENT_SEASON_VS_HAND,2026-08-28T17:22:47+00:00,CURRENT
703492,"Morabito, Nick",,2026,6.0,5.0,83.33333333333334,7.0,4.0,57.14285714285714,13,9,69.23076923076923,BASEBALL_SAVANT_CURRENT_SEASON_VS_HAND,2026-08-28T17:22:47+00:00,CURRENT
666624,"Morel, Christopher",,2026,54.0,17.0,31.48148148148148,32.0,13.0,40.625,86,30,34.88372093023256,BASEBALL_SAVANT_CURRENT_SEASON_VS_HAND,2026-08-28T17:22:47+00:00,CURRENT
672515,"Moreno, Gabriel",,2026,316.0,45.0,14.240506329113924,124.0,20.0,16.129032258064516,440,65,14.772727272727272,BASEBALL_SAVANT_CURRENT_SEASON_VS_HAND,2026-08-28T17:22:47+00:00,CURRENT
663624,"Mountcastle, Ryan",,2026,11.0,1.0,9.090909090909092,4.0,1.0,25.0,15,2,13.333333333333334,BASEBALL_SAVANT_CURRENT_SEASON_VS_HAND,2026-08-28T17:22:47+00:00,CURRENT
656775,"Mullins, Cedric",,2026,339.0,69.0,20.35398230088496,101.0,18.0,17.82178217821782,440,87,19.772727272727277,BASEBALL_SAVANT_CURRENT_SEASON_VS_HAND,2026-08-28T17:22:47+00:00,CURRENT
571970,"Muncy, Max",,2026,360.0,88.0,24.444444444444443,103.0,29.0,28.155339805825243,463,117,25.26997840172786,BASEBALL_SAVANT_CURRENT_SEASON_VS_HAND,2026-08-28T17:22:47+00:00,CURRENT
691777,"Muncy, Max",,2026,142.0,50.0,35.2112676056338,93.0,28.0,30.107526881720432,235,78,33.191489361702125,BASEBALL_SAVANT_CURRENT_SEASON_VS_HAND,2026-08-28T17:22:47+00:00,CURRENT
808959,"Murakami, Munetaka",,2026,293.0,95.0,32.42320819112628,136.0,50.0,36.76470588235294,429,145,33.7995337995338,BASEBALL_SAVANT_CURRENT_SEASON_VS_HAND,2026-08-28T17:22:47+00:00,CURRENT
669221,"Murphy, Sean",,2026,31.0,13.0,41.935483870967744,18.0,5.0,27.77777777777778,49,18,36.734693877551024,BASEBALL_SAVANT_CURRENT_SEASON_VS_HAND,2026-08-28T17:22:47+00:00,CURRENT
695020,"Murray, Tanner",,2026,9.0,0.0,0.0,24.0,7.0,29.166666666666668,33,7,21.21212121212121,BASEBALL_SAVANT_CURRENT_SEASON_VS_HAND,2026-08-28T17:22:47+00:00,CURRENT
667472,"Myers, Dane",,2026,160.0,42.0,26.25,103.0,23.0,22.330097087378643,263,65,24.714828897338403,BASEBALL_SAVANT_CURRENT_SEASON_VS_HAND,2026-08-28T17:22:47+00:00,CURRENT
665966,"Narváez, Carlos",,2026,188.0,63.0,33.51063829787234,59.0,19.0,32.20338983050847,247,82,33.198380566801625,BASEBALL_SAVANT_CURRENT_SEASON_VS_HAND,2026-08-28T17:22:47+00:00,CURRENT
640459,"Navarreto, Brian",,2026,15.0,4.0,26.666666666666668,27.0,9.0,33.33333333333333,42,13,30.952380952380956,BASEBALL_SAVANT_CURRENT_SEASON_VS_HAND,2026-08-28T17:22:47+00:00,CURRENT
666310,"Naylor, Bo",,2026,77.0,18.0,23.37662337662337,13.0,3.0,23.07692307692308,90,21,23.33333333333333,BASEBALL_SAVANT_CURRENT_SEASON_VS_HAND,2026-08-28T17:22:47+00:00,CURRENT
647304,"Naylor, Josh",,2026,362.0,39.0,10.773480662983426,171.0,28.0,16.374269005847953,533,67,12.570356472795496,BASEBALL_SAVANT_CURRENT_SEASON_VS_HAND,2026-08-28T17:22:47+00:00,CURRENT
687263,"Neto, Zach",,2026,417.0,135.0,32.37410071942446,164.0,42.0,25.60975609756097,581,177,30.46471600688468,BASEBALL_SAVANT_CURRENT_SEASON_VS_HAND,2026-08-28T17:22:47+00:00,CURRENT
607043,"Nimmo, Brandon",,2026,383.0,84.0,21.93211488250653,161.0,32.0,19.875776397515526,544,116,21.323529411764707,BASEBALL_SAVANT_CURRENT_SEASON_VS_HAND,2026-08-28T17:22:47+00:00,CURRENT
807747,"Nishida, Rikuu",,2026,26.0,4.0,15.384615384615383,4.0,1.0,25.0,30,5,16.666666666666664,BASEBALL_SAVANT_CURRENT_SEASON_VS_HAND,2026-08-28T17:22:47+00:00,CURRENT
663457,"Nootbaar, Lars",,2026,204.0,37.0,18.137254901960784,41.0,10.0,24.390243902439025,245,47,19.18367346938776,BASEBALL_SAVANT_CURRENT_SEASON_VS_HAND,2026-08-28T17:22:47+00:00,CURRENT
681393,"Norby, Connor",,2026,198.0,62.0,31.313131313131315,90.0,24.0,26.666666666666668,288,86,29.86111111111111,BASEBALL_SAVANT_CURRENT_SEASON_VS_HAND,2026-08-28T17:22:47+00:00,CURRENT
683083,"Nuñez, Nasim",,2026,311.0,66.0,21.221864951768488,133.0,25.0,18.79699248120301,444,91,20.495495495495494,BASEBALL_SAVANT_CURRENT_SEASON_VS_HAND,2026-08-28T17:22:47+00:00,CURRENT
656811,"O'Hearn, Ryan",,2026,278.0,58.0,20.863309352517987,121.0,28.0,23.1404958677686,399,86,21.55388471177945,BASEBALL_SAVANT_CURRENT_SEASON_VS_HAND,2026-08-28T17:22:47+00:00,CURRENT
681351,"O'Hoppe, Logan",,2026,186.0,48.0,25.806451612903224,76.0,17.0,22.36842105263158,262,65,24.80916030534351,BASEBALL_SAVANT_CURRENT_SEASON_VS_HAND,2026-08-28T17:22:47+00:00,CURRENT
641933,"O'Neill, Tyler",,2026,137.0,39.0,28.46715328467153,123.0,33.0,26.82926829268293,260,72,27.692307692307693,BASEBALL_SAVANT_CURRENT_SEASON_VS_HAND,2026-08-28T17:22:47+00:00,CURRENT
660271,"Ohtani, Shohei",,2026,381.0,87.0,22.83464566929134,188.0,46.0,24.46808510638298,569,133,23.374340949033392,BASEBALL_SAVANT_CURRENT_SEASON_VS_HAND,2026-08-28T17:22:47+00:00,CURRENT
672960,"Okamoto, Kazuma",,2026,393.0,122.0,31.043256997455472,138.0,37.0,26.811594202898554,531,159,29.94350282485876,BASEBALL_SAVANT_CURRENT_SEASON_VS_HAND,2026-08-28T17:22:47+00:00,CURRENT
666931,"Oliva, Jared",,2026,5.0,1.0,20.0,2.0,0.0,0.0,7,1,14.285714285714285,BASEBALL_SAVANT_CURRENT_SEASON_VS_HAND,2026-08-28T17:22:47+00:00,CURRENT
621566,"Olson, Matt",,2026,337.0,84.0,24.92581602373887,245.0,63.0,25.71428571428571,582,147,25.25773195876289,BASEBALL_SAVANT_CURRENT_SEASON_VS_HAND,2026-08-28T17:22:47+00:00,CURRENT
680716,"Ornelas, Jonathan",,2026,5.0,4.0,80.0,17.0,7.0,41.17647058823529,22,11,50.0,BASEBALL_SAVANT_CURRENT_SEASON_VS_HAND,2026-08-28T17:22:47+00:00,CURRENT
694673,"Ortiz, Abimelec",,2026,72.0,14.0,19.444444444444446,5.0,4.0,80.0,77,18,23.37662337662337,BASEBALL_SAVANT_CURRENT_SEASON_VS_HAND,2026-08-28T17:22:47+00:00,CURRENT
687401,"Ortiz, Joey",,2026,217.0,36.0,16.589861751152075,119.0,27.0,22.689075630252105,336,63,18.75,BASEBALL_SAVANT_CURRENT_SEASON_VS_HAND,2026-08-28T17:22:47+00:00,CURRENT
696030,"Osuna, Alejandro",,2026,174.0,25.0,14.367816091954024,48.0,7.0,14.583333333333334,222,32,14.414414414414416,BASEBALL_SAVANT_CURRENT_SEASON_VS_HAND,2026-08-28T17:22:47+00:00,CURRENT
681546,"Outman, James",,2026,146.0,64.0,43.83561643835616,28.0,7.0,25.0,174,71,40.80459770114943,BASEBALL_SAVANT_CURRENT_SEASON_VS_HAND,2026-08-28T17:22:47+00:00,CURRENT
542303,"Ozuna, Marcell",,2026,178.0,53.0,29.775280898876407,103.0,27.0,26.21359223300971,281,80,28.46975088967972,BASEBALL_SAVANT_CURRENT_SEASON_VS_HAND,2026-08-28T17:22:47+00:00,CURRENT
665506,"Pache, Cristian",,2026,4.0,2.0,50.0,3.0,2.0,66.66666666666666,7,4,57.14285714285714,BASEBALL_SAVANT_CURRENT_SEASON_VS_HAND,2026-08-28T17:22:47+00:00,CURRENT
681624,"Pages, Andy",,2026,390.0,79.0,20.256410256410252,162.0,28.0,17.28395061728395,552,107,19.38405797101449,BASEBALL_SAVANT_CURRENT_SEASON_VS_HAND,2026-08-28T17:22:47+00:00,CURRENT
686780,"Pagés, Pedro",,2026,110.0,26.0,23.63636363636364,88.0,26.0,29.545454545454547,198,52,26.262626262626267,BASEBALL_SAVANT_CURRENT_SEASON_VS_HAND,2026-08-28T17:22:47+00:00,CURRENT
680700,"Palacios, Richie",,2026,284.0,49.0,17.253521126760564,46.0,11.0,23.91304347826087,330,60,18.181818181818183,BASEBALL_SAVANT_CURRENT_SEASON_VS_HAND,2026-08-28T17:22:47+00:00,CURRENT
670623,"Paredes, Isaac",,2026,417.0,53.0,12.709832134292563,125.0,18.0,14.4,542,71,13.099630996309964,BASEBALL_SAVANT_CURRENT_SEASON_VS_HAND,2026-08-28T17:22:47+00:00,CURRENT
686469,"Pasquantino, Vinnie",,2026,275.0,38.0,13.818181818181818,107.0,23.0,21.49532710280374,382,61,15.968586387434556,BASEBALL_SAVANT_CURRENT_SEASON_VS_HAND,2026-08-28T17:22:47+00:00,CURRENT
688363,"Pauley, Graham",,2026,108.0,26.0,24.074074074074076,7.0,1.0,14.285714285714285,115,27,23.47826086956522,BASEBALL_SAVANT_CURRENT_SEASON_VS_HAND,2026-08-28T17:22:47+00:00,CURRENT
592626,"Pederson, Joc",,2026,361.0,78.0,21.60664819944598,36.0,14.0,38.88888888888889,397,92,23.173803526448363,BASEBALL_SAVANT_CURRENT_SEASON_VS_HAND,2026-08-28T17:22:47+00:00,CURRENT
672724,"Peraza, Oswald",,2026,207.0,64.0,30.917874396135264,119.0,33.0,27.73109243697479,326,97,29.754601226993863,BASEBALL_SAVANT_CURRENT_SEASON_VS_HAND,2026-08-28T17:22:47+00:00,CURRENT
672695,"Perdomo, Geraldo",,2026,389.0,49.0,12.596401028277636,173.0,21.0,12.13872832369942,562,70,12.455516014234876,BASEBALL_SAVANT_CURRENT_SEASON_VS_HAND,2026-08-28T17:22:47+00:00,CURRENT
640902,"Pereda, Jhonny",,2026,60.0,11.0,18.33333333333333,23.0,5.0,21.73913043478261,83,16,19.27710843373494,BASEBALL_SAVANT_CURRENT_SEASON_VS_HAND,2026-08-28T17:22:47+00:00,CURRENT
677592,"Pereira, Everson",,2026,67.0,20.0,29.850746268656717,44.0,17.0,38.63636363636363,111,37,33.33333333333333,BASEBALL_SAVANT_CURRENT_SEASON_VS_HAND,2026-08-28T17:22:47+00:00,CURRENT
678577,"Perez, Junior",,2026,9.0,4.0,44.44444444444444,27.0,10.0,37.03703703703704,36,14,38.88888888888889,BASEBALL_SAVANT_CURRENT_SEASON_VS_HAND,2026-08-28T17:22:47+00:00,CURRENT
521692,"Perez, Salvador",,2026,378.0,76.0,20.105820105820104,147.0,28.0,19.047619047619047,525,104,19.80952380952381,BASEBALL_SAVANT_CURRENT_SEASON_VS_HAND,2026-08-28T17:22:47+00:00,CURRENT
663368,"Perkins, Blake",,2026,42.0,12.0,28.57142857142857,60.0,10.0,16.666666666666664,102,22,21.568627450980397,BASEBALL_SAVANT_CURRENT_SEASON_VS_HAND,2026-08-28T17:22:47+00:00,CURRENT
671976,"Peters, Tristan",,2026,348.0,62.0,17.81609195402299,52.0,10.0,19.230769230769237,400,72,18.0,BASEBALL_SAVANT_CURRENT_SEASON_VS_HAND,2026-08-28T17:22:47+00:00,CURRENT
665161,"Peña, Jeremy",,2026,286.0,60.0,20.97902097902098,78.0,20.0,25.64102564102564,364,80,21.978021978021975,BASEBALL_SAVANT_CURRENT_SEASON_VS_HAND,2026-08-28T17:22:47+00:00,CURRENT
502054,"Pham, Tommy",,2026,3.0,3.0,100.0,11.0,4.0,36.36363636363637,14,7,50.0,BASEBALL_SAVANT_CURRENT_SEASON_VS_HAND,2026-08-28T17:22:47+00:00,CURRENT
687605,"Pinckney, Andrew",,2026,9.0,4.0,44.44444444444444,11.0,2.0,18.181818181818183,20,6,30.0,BASEBALL_SAVANT_CURRENT_SEASON_VS_HAND,2026-08-28T17:22:47+00:00,CURRENT
700652,"Piper, Kenny",,2026,6.0,0.0,0.0,3.0,2.0,66.66666666666666,9,2,22.22222222222222,BASEBALL_SAVANT_CURRENT_SEASON_VS_HAND,2026-08-28T17:22:47+00:00,CURRENT
682818,"Piñango, Yohendrick",,2026,148.0,31.0,20.945945945945947,32.0,13.0,40.625,180,44,24.444444444444443,BASEBALL_SAVANT_CURRENT_SEASON_VS_HAND,2026-08-28T17:22:47+00:00,CURRENT
593871,"Polanco, Jorge",,2026,113.0,27.0,23.893805309734518,32.0,9.0,28.125,145,36,24.82758620689655,BASEBALL_SAVANT_CURRENT_SEASON_VS_HAND,2026-08-28T17:22:47+00:00,CURRENT
682515,"Porter, Logan",,2026,1.0,1.0,100.0,5.0,1.0,20.0,6,2,33.33333333333333,BASEBALL_SAVANT_CURRENT_SEASON_VS_HAND,2026-08-28T17:22:47+00:00,CURRENT
650968,"Pozo, Yohel",,2026,30.0,6.0,20.0,20.0,0.0,0.0,50,6,12.0,BASEBALL_SAVANT_CURRENT_SEASON_VS_HAND,2026-08-28T17:22:47+00:00,CURRENT
806198,"Pratt, Cooper",,2026,133.0,24.0,18.045112781954884,47.0,12.0,25.53191489361702,180,36,20.0,BASEBALL_SAVANT_CURRENT_SEASON_VS_HAND,2026-08-28T17:22:47+00:00,CURRENT
805672,"Price, Collin",,2026,11.0,5.0,45.45454545454545,3.0,1.0,33.33333333333333,14,6,42.85714285714285,BASEBALL_SAVANT_CURRENT_SEASON_VS_HAND,2026-08-28T17:22:47+00:00,CURRENT
693409,"Prieto, César",,2026,28.0,4.0,14.285714285714285,3.0,0.0,0.0,31,4,12.903225806451612,BASEBALL_SAVANT_CURRENT_SEASON_VS_HAND,2026-08-28T17:22:47+00:00,CURRENT
672761,"Pérez, Wenceel",,2026,121.0,21.0,17.355371900826448,54.0,8.0,14.814814814814811,175,29,16.57142857142857,BASEBALL_SAVANT_CURRENT_SEASON_VS_HAND,2026-08-28T17:22:47+00:00,CURRENT
700337,"Quero, Edgar",,2026,125.0,28.0,22.4,85.0,14.0,16.470588235294116,210,42,20.0,BASEBALL_SAVANT_CURRENT_SEASON_VS_HAND,2026-08-28T17:22:47+00:00,CURRENT
691620,"Quero, Jeferson",,2026,,,,2.0,0.0,0.0,2,0,0.0,BASEBALL_SAVANT_CURRENT_SEASON_VS_HAND,2026-08-28T17:22:47+00:00,CURRENT
678882,"Rafaela, Ceddanne",,2026,401.0,74.0,18.453865336658357,140.0,35.0,25.0,541,109,20.147874306839185,BASEBALL_SAVANT_CURRENT_SEASON_VS_HAND,2026-08-28T17:22:47+00:00,CURRENT
663728,"Raleigh, Cal",,2026,271.0,79.0,29.15129151291513,146.0,52.0,35.61643835616438,417,131,31.414868105515588,BASEBALL_SAVANT_CURRENT_SEASON_VS_HAND,2026-08-28T17:22:47+00:00,CURRENT
670042,"Raley, Luke",,2026,260.0,85.0,32.69230769230769,27.0,8.0,29.629629629629623,287,93,32.40418118466899,BASEBALL_SAVANT_CURRENT_SEASON_VS_HAND,2026-08-28T17:22:47+00:00,CURRENT
671218,"Ramos, Heliot",,2026,285.0,79.0,27.719298245614038,83.0,22.0,26.506024096385545,368,101,27.445652173913043,BASEBALL_SAVANT_CURRENT_SEASON_VS_HAND,2026-08-28T17:22:47+00:00,CURRENT
682663,"Ramírez, Agustín",,2026,118.0,28.0,23.728813559322035,61.0,15.0,24.59016393442623,179,43,24.022346368715084,BASEBALL_SAVANT_CURRENT_SEASON_VS_HAND,2026-08-28T17:22:47+00:00,CURRENT
608070,"Ramírez, José",,2026,311.0,49.0,15.755627009646304,123.0,9.0,7.317073170731707,434,58,13.36405529953917,BASEBALL_SAVANT_CURRENT_SEASON_VS_HAND,2026-08-28T17:22:47+00:00,CURRENT
699393,"Ramírez, Pedro",,2026,146.0,29.0,19.863013698630137,32.0,4.0,12.5,178,33,18.53932584269663,BASEBALL_SAVANT_CURRENT_SEASON_VS_HAND,2026-08-28T17:22:47+00:00,CURRENT
670231,"Rave, John",,2026,67.0,14.0,20.8955223880597,21.0,3.0,14.285714285714285,88,17,19.318181818181817,BASEBALL_SAVANT_CURRENT_SEASON_VS_HAND,2026-08-28T17:22:47+00:00,CURRENT
592663,"Realmuto, J.T.",,2026,289.0,66.0,22.837370242214533,88.0,12.0,13.636363636363637,377,78,20.689655172413797,BASEBALL_SAVANT_CURRENT_SEASON_VS_HAND,2026-08-28T17:22:47+00:00,CURRENT
608701,"Refsnyder, Rob",,2026,21.0,6.0,28.57142857142857,108.0,31.0,28.703703703703702,129,37,28.68217054263566,BASEBALL_SAVANT_CURRENT_SEASON_VS_HAND,2026-08-28T17:22:47+00:00,CURRENT
650859,"Rengifo, Luis",,2026,217.0,24.0,11.059907834101384,130.0,25.0,19.230769230769237,347,49,14.121037463976943,BASEBALL_SAVANT_CURRENT_SEASON_VS_HAND,2026-08-28T17:22:47+00:00,CURRENT
694025,"Reyes, Felix",,2026,17.0,4.0,23.52941176470588,22.0,5.0,22.727272727272727,39,9,23.07692307692308,BASEBALL_SAVANT_CURRENT_SEASON_VS_HAND,2026-08-28T17:22:47+00:00,CURRENT
668804,"Reynolds, Bryan",,2026,390.0,95.0,24.35897435897436,198.0,44.0,22.22222222222222,588,139,23.639455782312925,BASEBALL_SAVANT_CURRENT_SEASON_VS_HAND,2026-08-28T17:22:47+00:00,CURRENT
700250,"Rice, Ben",,2026,368.0,85.0,23.097826086956523,184.0,51.0,27.717391304347828,552,136,24.637681159420293,BASEBALL_SAVANT_CURRENT_SEASON_VS_HAND,2026-08-28T17:22:47+00:00,CURRENT
663586,"Riley, Austin",,2026,368.0,118.0,32.065217391304344,163.0,52.0,31.901840490797547,531,170,32.015065913371,BASEBALL_SAVANT_CURRENT_SEASON_VS_HAND,2026-08-28T17:22:47+00:00,CURRENT
687282,"Rincones Jr., Gabriel",,2026,84.0,28.0,33.33333333333333,5.0,1.0,20.0,89,29,32.58426966292135,BASEBALL_SAVANT_CURRENT_SEASON_VS_HAND,2026-08-28T17:22:47+00:00,CURRENT
690022,"Ritter, Ryan",,2026,9.0,2.0,22.22222222222222,7.0,3.0,42.85714285714285,16,5,31.25,BASEBALL_SAVANT_CURRENT_SEASON_VS_HAND,2026-08-28T17:22:47+00:00,CURRENT
660844,"Rivas, Leo",,2026,93.0,29.0,31.18279569892473,46.0,10.0,21.73913043478261,139,39,28.05755395683453,BASEBALL_SAVANT_CURRENT_SEASON_VS_HAND,2026-08-28T17:22:47+00:00,CURRENT
665861,"Rivero, Sebastián",,2026,42.0,9.0,21.428571428571427,14.0,2.0,14.285714285714285,56,11,19.642857142857142,BASEBALL_SAVANT_CURRENT_SEASON_VS_HAND,2026-08-28T17:22:47+00:00,CURRENT
673357,"Robert Jr., Luis",,2026,149.0,36.0,24.16107382550336,60.0,13.0,21.666666666666668,209,49,23.444976076555022,BASEBALL_SAVANT_CURRENT_SEASON_VS_HAND,2026-08-28T17:22:47+00:00,CURRENT
642020,"Robinson, Chuckie",,2026,17.0,4.0,23.52941176470588,9.0,1.0,11.11111111111111,26,5,19.230769230769237,BASEBALL_SAVANT_CURRENT_SEASON_VS_HAND,2026-08-28T17:22:47+00:00,CURRENT
645302,"Robles, Victor",,2026,97.0,12.0,12.371134020618555,48.0,10.0,20.833333333333336,145,22,15.172413793103448,BASEBALL_SAVANT_CURRENT_SEASON_VS_HAND,2026-08-28T17:22:47+00:00,CURRENT
677587,"Rocchio, Brayan",,2026,342.0,47.0,13.742690058479532,158.0,26.0,16.455696202531644,500,73,14.6,BASEBALL_SAVANT_CURRENT_SEASON_VS_HAND,2026-08-28T17:22:47+00:00,CURRENT
801126,"Rodden, Brock",,2026,23.0,9.0,39.130434782608695,15.0,5.0,33.33333333333333,38,14,36.84210526315789,BASEBALL_SAVANT_CURRENT_SEASON_VS_HAND,2026-08-28T17:22:47+00:00,CURRENT
702176,"Roden, Alan",,2026,66.0,9.0,13.636363636363637,13.0,2.0,15.384615384615383,79,11,13.924050632911392,BASEBALL_SAVANT_CURRENT_SEASON_VS_HAND,2026-08-28T17:22:47+00:00,CURRENT
683679,"Rodriguez, Jesus",,2026,41.0,6.0,14.634146341463412,17.0,2.0,11.76470588235294,58,8,13.79310344827586,BASEBALL_SAVANT_CURRENT_SEASON_VS_HAND,2026-08-28T17:22:47+00:00,CURRENT
682848,"Rodríguez, Endy",,2026,131.0,31.0,23.66412213740458,28.0,10.0,35.714285714285715,159,41,25.78616352201258,BASEBALL_SAVANT_CURRENT_SEASON_VS_HAND,2026-08-28T17:22:47+00:00,CURRENT
699302,"Rodríguez, Héctor",,2026,50.0,11.0,22.0,5.0,1.0,20.0,55,12,21.818181818181817,BASEBALL_SAVANT_CURRENT_SEASON_VS_HAND,2026-08-28T17:22:47+00:00,CURRENT
671286,"Rodríguez, Johnathan",,2026,2.0,1.0,50.0,13.0,5.0,38.46153846153847,15,6,40.0,BASEBALL_SAVANT_CURRENT_SEASON_VS_HAND,2026-08-28T17:22:47+00:00,CURRENT
677594,"Rodríguez, Julio",,2026,375.0,81.0,21.6,160.0,38.0,23.75,535,119,22.24299065420561,BASEBALL_SAVANT_CURRENT_SEASON_VS_HAND,2026-08-28T17:22:47+00:00,CURRENT
668670,"Rogers, Jake",,2026,112.0,32.0,28.57142857142857,37.0,11.0,29.72972972972973,149,43,28.85906040268457,BASEBALL_SAVANT_CURRENT_SEASON_VS_HAND,2026-08-28T17:22:47+00:00,CURRENT
668942,"Rojas, Josh",,2026,67.0,10.0,14.925373134328357,18.0,4.0,22.22222222222222,85,14,16.470588235294116,BASEBALL_SAVANT_CURRENT_SEASON_VS_HAND,2026-08-28T17:22:47+00:00,CURRENT
500743,"Rojas, Miguel",,2026,73.0,6.0,8.21917808219178,129.0,15.0,11.627906976744184,202,21,10.396039603960396,BASEBALL_SAVANT_CURRENT_SEASON_VS_HAND,2026-08-28T17:22:47+00:00,CURRENT
691011,"Romo, Drew",,2026,152.0,37.0,24.34210526315789,37.0,8.0,21.62162162162162,189,45,23.809523809523807,BASEBALL_SAVANT_CURRENT_SEASON_VS_HAND,2026-08-28T17:22:47+00:00,CURRENT
667670,"Rooker, Brent",,2026,154.0,44.0,28.57142857142857,48.0,20.0,41.66666666666667,202,64,31.683168316831683,BASEBALL_SAVANT_CURRENT_SEASON_VS_HAND,2026-08-28T17:22:47+00:00,CURRENT
666163,"Rortvedt, Ben",,2026,12.0,4.0,33.33333333333333,11.0,3.0,27.27272727272727,23,7,30.434782608695656,BASEBALL_SAVANT_CURRENT_SEASON_VS_HAND,2026-08-28T17:22:47+00:00,CURRENT
642708,"Rosario, Amed",,2026,72.0,21.0,29.166666666666668,131.0,32.0,24.42748091603053,203,53,26.108374384236456,BASEBALL_SAVANT_CURRENT_SEASON_VS_HAND,2026-08-28T17:22:47+00:00,CURRENT
676566,"Ross, Shawn",,2026,5.0,2.0,40.0,,,,5,2,40.0,BASEBALL_SAVANT_CURRENT_SEASON_VS_HAND,2026-08-28T17:22:47+00:00,CURRENT
665923,"Ruiz, Esteury",,2026,102.0,32.0,31.37254901960784,90.0,29.0,32.22222222222222,192,61,31.77083333333333,BASEBALL_SAVANT_CURRENT_SEASON_VS_HAND,2026-08-28T17:22:47+00:00,CURRENT
660688,"Ruiz, Keibert",,2026,217.0,17.0,7.834101382488479,90.0,16.0,17.77777777777778,307,33,10.749185667752444,BASEBALL_SAVANT_CURRENT_SEASON_VS_HAND,2026-08-28T17:22:47+00:00,CURRENT
681198,"Rumfield, TJ",,2026,368.0,53.0,14.402173913043478,159.0,21.0,13.20754716981132,527,74,14.041745730550284,BASEBALL_SAVANT_CURRENT_SEASON_VS_HAND,2026-08-28T17:22:47+00:00,CURRENT
687221,"Rushing, Dalton",,2026,179.0,51.0,28.49162011173184,66.0,19.0,28.78787878787879,245,70,28.57142857142857,BASEBALL_SAVANT_CURRENT_SEASON_VS_HAND,2026-08-28T17:22:47+00:00,CURRENT
668939,"Rutschman, Adley",,2026,219.0,38.0,17.35159817351598,112.0,14.0,12.5,331,52,15.709969788519636,BASEBALL_SAVANT_CURRENT_SEASON_VS_HAND,2026-08-28T17:22:47+00:00,CURRENT
695336,"Saggese, Thomas",,2026,54.0,17.0,31.48148148148148,28.0,9.0,32.142857142857146,82,26,31.70731707317073,BASEBALL_SAVANT_CURRENT_SEASON_VS_HAND,2026-08-28T17:22:47+00:00,CURRENT
663967,"Salazar, César",,2026,17.0,3.0,17.647058823529413,5.0,0.0,0.0,22,3,13.636363636363637,BASEBALL_SAVANT_CURRENT_SEASON_VS_HAND,2026-08-28T17:22:47+00:00,CURRENT
691594,"Sanoja, Javier",,2026,252.0,16.0,6.349206349206349,121.0,15.0,12.396694214876034,373,31,8.310991957104557,BASEBALL_SAVANT_CURRENT_SEASON_VS_HAND,2026-08-28T17:22:47+00:00,CURRENT
467793,"Santana, Carlos",,2026,22.0,8.0,36.36363636363637,4.0,0.0,0.0,26,8,30.76923076923077,BASEBALL_SAVANT_CURRENT_SEASON_VS_HAND,2026-08-28T17:22:47+00:00,CURRENT
694384,"Schanuel, Nolan",,2026,327.0,39.0,11.926605504587156,119.0,19.0,15.966386554621849,446,58,13.004484304932737,BASEBALL_SAVANT_CURRENT_SEASON_VS_HAND,2026-08-28T17:22:47+00:00,CURRENT
669477,"Schmitt, Casey",,2026,303.0,65.0,21.45214521452145,106.0,16.0,15.09433962264151,409,81,19.80440097799511,BASEBALL_SAVANT_CURRENT_SEASON_VS_HAND,2026-08-28T17:22:47+00:00,CURRENT
682177,"Schneemann, Daniel",,2026,212.0,63.0,29.71698113207547,64.0,18.0,28.125,276,81,29.347826086956523,BASEBALL_SAVANT_CURRENT_SEASON_VS_HAND,2026-08-28T17:22:47+00:00,CURRENT
676914,"Schneider, Davis",,2026,64.0,18.0,28.125,76.0,29.0,38.15789473684211,140,47,33.57142857142857,BASEBALL_SAVANT_CURRENT_SEASON_VS_HAND,2026-08-28T17:22:47+00:00,CURRENT
680474,"Schuemann, Max",,2026,44.0,12.0,27.27272727272727,45.0,9.0,20.0,89,21,23.59550561797753,BASEBALL_SAVANT_CURRENT_SEASON_VS_HAND,2026-08-28T17:22:47+00:00,CURRENT
656941,"Schwarber, Kyle",,2026,369.0,131.0,35.50135501355013,205.0,60.0,29.268292682926827,574,191,33.27526132404181,BASEBALL_SAVANT_CURRENT_SEASON_VS_HAND,2026-08-28T17:22:47+00:00,CURRENT
687363,"Scott II, Victor",,2026,125.0,35.0,28.000000000000004,59.0,9.0,15.254237288135592,184,44,23.91304347826087,BASEBALL_SAVANT_CURRENT_SEASON_VS_HAND,2026-08-28T17:22:47+00:00,CURRENT
608369,"Seager, Corey",,2026,219.0,51.0,23.28767123287671,95.0,27.0,28.421052631578945,314,78,24.840764331210192,BASEBALL_SAVANT_CURRENT_SEASON_VS_HAND,2026-08-28T17:22:47+00:00,CURRENT
678011,"Seigler, Anthony",,2026,127.0,22.0,17.322834645669293,42.0,6.0,14.285714285714285,169,28,16.56804733727811,BASEBALL_SAVANT_CURRENT_SEASON_VS_HAND,2026-08-28T17:22:47+00:00,CURRENT
543760,"Semien, Marcus",,2026,326.0,70.0,21.47239263803681,121.0,26.0,21.487603305785125,447,96,21.47651006711409,BASEBALL_SAVANT_CURRENT_SEASON_VS_HAND,2026-08-28T17:22:47+00:00,CURRENT
663584,"Senger, Hayden",,2026,16.0,4.0,25.0,1.0,0.0,0.0,17,4,23.52941176470588,BASEBALL_SAVANT_CURRENT_SEASON_VS_HAND,2026-08-28T17:22:47+00:00,CURRENT
661531,"Serven, Brian",,2026,25.0,8.0,32.0,25.0,6.0,24.0,50,14,28.000000000000004,BASEBALL_SAVANT_CURRENT_SEASON_VS_HAND,2026-08-28T17:22:47+00:00,CURRENT
807713,"Shaw, Matt",,2026,79.0,14.0,17.72151898734177,68.0,13.0,19.11764705882353,147,27,18.367346938775512,BASEBALL_SAVANT_CURRENT_SEASON_VS_HAND,2026-08-28T17:22:47+00:00,CURRENT
657757,"Sheets, Gavin",,2026,338.0,64.0,18.93491124260355,72.0,20.0,27.77777777777778,410,84,20.48780487804878,BASEBALL_SAVANT_CURRENT_SEASON_VS_HAND,2026-08-28T17:22:47+00:00,CURRENT
669699,"Shewmake, Braden",,2026,79.0,14.0,17.72151898734177,12.0,2.0,16.666666666666664,91,16,17.582417582417584,BASEBALL_SAVANT_CURRENT_SEASON_VS_HAND,2026-08-28T17:22:47+00:00,CURRENT
670097,"Short, Zack",,2026,35.0,13.0,37.142857142857146,27.0,6.0,22.22222222222222,62,19,30.64516129032258,BASEBALL_SAVANT_CURRENT_SEASON_VS_HAND,2026-08-28T17:22:47+00:00,CURRENT
672279,"Siani, Michael",,2026,1.0,0.0,0.0,,,,1,0,0.0,BASEBALL_SAVANT_CURRENT_SEASON_VS_HAND,2026-08-28T17:22:47+00:00,CURRENT
682927,"Simon, Ronny",,2026,23.0,2.0,8.695652173913043,11.0,2.0,18.181818181818183,34,4,11.76470588235294,BASEBALL_SAVANT_CURRENT_SEASON_VS_HAND,2026-08-28T17:22:47+00:00,CURRENT
802415,"Simpson, Chandler",,2026,345.0,25.0,7.246376811594203,162.0,17.0,10.493827160493826,507,42,8.284023668639055,BASEBALL_SAVANT_CURRENT_SEASON_VS_HAND,2026-08-28T17:22:47+00:00,CURRENT
642350,"Siri, Jose",,2026,87.0,24.0,27.58620689655172,91.0,33.0,36.26373626373626,178,57,32.02247191011236,BASEBALL_SAVANT_CURRENT_SEASON_VS_HAND,2026-08-28T17:22:47+00:00,CURRENT
596103,"Slater, Austin",,2026,9.0,2.0,22.22222222222222,65.0,19.0,29.230769230769237,74,21,28.37837837837838,BASEBALL_SAVANT_CURRENT_SEASON_VS_HAND,2026-08-28T17:22:47+00:00,CURRENT
701358,"Smith, Cam",,2026,355.0,90.0,25.352112676056336,121.0,28.0,23.1404958677686,476,118,24.789915966386555,BASEBALL_SAVANT_CURRENT_SEASON_VS_HAND,2026-08-28T17:22:47+00:00,CURRENT
642086,"Smith, Dominic",,2026,250.0,40.0,16.0,36.0,5.0,13.88888888888889,286,45,15.734265734265737,BASEBALL_SAVANT_CURRENT_SEASON_VS_HAND,2026-08-28T17:22:47+00:00,CURRENT
669701,"Smith, Josh",,2026,158.0,28.0,17.72151898734177,30.0,12.0,40.0,188,40,21.27659574468085,BASEBALL_SAVANT_CURRENT_SEASON_VS_HAND,2026-08-28T17:22:47+00:00,CURRENT
656976,"Smith, Pavin",,2026,84.0,17.0,20.23809523809524,5.0,1.0,20.0,89,18,20.224719101123597,BASEBALL_SAVANT_CURRENT_SEASON_VS_HAND,2026-08-28T17:22:47+00:00,CURRENT
669257,"Smith, Will",,2026,150.0,20.0,13.333333333333334,51.0,14.0,27.450980392156865,201,34,16.91542288557214,BASEBALL_SAVANT_CURRENT_SEASON_VS_HAND,2026-08-28T17:22:47+00:00,CURRENT
691016,"Soderstrom, Tyler",,2026,309.0,50.0,16.181229773462782,145.0,41.0,28.27586206896552,454,91,20.044052863436125,BASEBALL_SAVANT_CURRENT_SEASON_VS_HAND,2026-08-28T17:22:47+00:00,CURRENT
686765,"Sogard, Nick",,2026,132.0,22.0,16.666666666666664,34.0,7.0,20.588235294117645,166,29,17.46987951807229,BASEBALL_SAVANT_CURRENT_SEASON_VS_HAND,2026-08-28T17:22:47+00:00,CURRENT
669256,"Solak, Nick",,2026,3.0,0.0,0.0,7.0,0.0,0.0,10,0,0.0,BASEBALL_SAVANT_CURRENT_SEASON_VS_HAND,2026-08-28T17:22:47+00:00,CURRENT
624585,"Soler, Jorge",,2026,267.0,88.0,32.958801498127336,95.0,30.0,31.57894736842105,362,118,32.59668508287293,BASEBALL_SAVANT_CURRENT_SEASON_VS_HAND,2026-08-28T17:22:47+00:00,CURRENT
823550,"Song, Sung-Mun",,2026,123.0,23.0,18.69918699186992,11.0,2.0,18.181818181818183,134,25,18.65671641791045,BASEBALL_SAVANT_CURRENT_SEASON_VS_HAND,2026-08-28T17:22:47+00:00,CURRENT
624641,"Sosa, Edmundo",,2026,100.0,20.0,20.0,113.0,24.0,21.238938053097343,213,44,20.657276995305164,BASEBALL_SAVANT_CURRENT_SEASON_VS_HAND,2026-08-28T17:22:47+00:00,CURRENT
672820,"Sosa, Lenyn",,2026,72.0,11.0,15.27777777777778,45.0,14.0,31.11111111111111,117,25,21.36752136752137,BASEBALL_SAVANT_CURRENT_SEASON_VS_HAND,2026-08-28T17:22:47+00:00,CURRENT
665742,"Soto, Juan",,2026,239.0,32.0,13.389121338912132,120.0,16.0,13.333333333333334,359,48,13.370473537604456,BASEBALL_SAVANT_CURRENT_SEASON_VS_HAND,2026-08-28T17:22:47+00:00,CURRENT
828599,"Spence, Lucas",,2026,29.0,11.0,37.93103448275862,13.0,4.0,30.76923076923077,42,15,35.714285714285715,BASEBALL_SAVANT_CURRENT_SEASON_VS_HAND,2026-08-28T17:22:47+00:00,CURRENT
543807,"Springer, George",,2026,296.0,54.0,18.24324324324324,132.0,24.0,18.181818181818183,428,78,18.22429906542056,BASEBALL_SAVANT_CURRENT_SEASON_VS_HAND,2026-08-28T17:22:47+00:00,CURRENT
519317,"Stanton, Giancarlo",,2026,66.0,19.0,28.78787878787879,30.0,10.0,33.33333333333333,96,29,30.20833333333333,BASEBALL_SAVANT_CURRENT_SEASON_VS_HAND,2026-08-28T17:22:47+00:00,CURRENT
668715,"Steer, Spencer",,2026,288.0,74.0,25.694444444444443,96.0,12.0,12.5,384,86,22.395833333333336,BASEBALL_SAVANT_CURRENT_SEASON_VS_HAND,2026-08-28T17:22:47+00:00,CURRENT
683021,"Stefanic, Michael",,2026,2.0,1.0,50.0,5.0,0.0,0.0,7,1,14.285714285714285,BASEBALL_SAVANT_CURRENT_SEASON_VS_HAND,2026-08-28T17:22:47+00:00,CURRENT
663886,"Stephenson, Tyler",,2026,296.0,84.0,28.37837837837838,81.0,18.0,22.22222222222222,377,102,27.055702917771885,BASEBALL_SAVANT_CURRENT_SEASON_VS_HAND,2026-08-28T17:22:47+00:00,CURRENT
677060,"Stevens, Chad",,2026,16.0,6.0,37.5,18.0,7.0,38.88888888888889,34,13,38.23529411764706,BASEBALL_SAVANT_CURRENT_SEASON_VS_HAND,2026-08-28T17:22:47+00:00,CURRENT
701398,"Stewart, Sal",,2026,443.0,95.0,21.44469525959368,139.0,32.0,23.021582733812952,582,127,21.8213058419244,BASEBALL_SAVANT_CURRENT_SEASON_VS_HAND,2026-08-28T17:22:47+00:00,CURRENT
596115,"Story, Trevor",,2026,128.0,41.0,32.03125,48.0,16.0,33.33333333333333,176,57,32.38636363636363,BASEBALL_SAVANT_CURRENT_SEASON_VS_HAND,2026-08-28T17:22:47+00:00,CURRENT
681082,"Stott, Bryson",,2026,393.0,69.0,17.557251908396946,109.0,16.0,14.678899082568808,502,85,16.93227091633466,BASEBALL_SAVANT_CURRENT_SEASON_VS_HAND,2026-08-28T17:22:47+00:00,CURRENT
669065,"Stowers, Kyle",,2026,320.0,102.0,31.875,91.0,28.0,30.76923076923077,411,130,31.630170316301705,BASEBALL_SAVANT_CURRENT_SEASON_VS_HAND,2026-08-28T17:22:47+00:00,CURRENT
664702,"Straw, Myles",,2026,117.0,10.0,8.547008547008547,147.0,27.0,18.367346938775512,264,37,14.015151515151514,BASEBALL_SAVANT_CURRENT_SEASON_VS_HAND,2026-08-28T17:22:47+00:00,CURRENT
596117,"Stubbs, Garrett",,2026,45.0,9.0,20.0,7.0,2.0,28.57142857142857,52,11,21.153846153846157,BASEBALL_SAVANT_CURRENT_SEASON_VS_HAND,2026-08-28T17:22:47+00:00,CURRENT
664954,"Sullivan, Brett",,2026,148.0,28.0,18.91891891891892,51.0,6.0,11.76470588235294,199,34,17.08542713567839,BASEBALL_SAVANT_CURRENT_SEASON_VS_HAND,2026-08-28T17:22:47+00:00,CURRENT
691740,"Susac, Daniel",,2026,111.0,28.0,25.225225225225223,50.0,8.0,16.0,161,36,22.36024844720497,BASEBALL_SAVANT_CURRENT_SEASON_VS_HAND,2026-08-28T17:22:47+00:00,CURRENT
673548,"Suzuki, Seiya",,2026,374.0,103.0,27.540106951871657,137.0,26.0,18.97810218978102,511,129,25.244618395303327,BASEBALL_SAVANT_CURRENT_SEASON_VS_HAND,2026-08-28T17:22:47+00:00,CURRENT
553993,"Suárez, Eugenio",,2026,317.0,104.0,32.80757097791798,93.0,39.0,41.935483870967744,410,143,34.8780487804878,BASEBALL_SAVANT_CURRENT_SEASON_VS_HAND,2026-08-28T17:22:47+00:00,CURRENT
621020,"Swanson, Dansby",,2026,327.0,67.0,20.489296636085623,133.0,39.0,29.32330827067669,460,106,23.043478260869566,BASEBALL_SAVANT_CURRENT_SEASON_VS_HAND,2026-08-28T17:22:47+00:00,CURRENT
645305,"Sánchez, Ali",,2026,33.0,10.0,30.303030303030305,34.0,8.0,23.52941176470588,67,18,26.86567164179105,BASEBALL_SAVANT_CURRENT_SEASON_VS_HAND,2026-08-28T17:22:47+00:00,CURRENT
596142,"Sánchez, Gary",,2026,132.0,28.0,21.21212121212121,107.0,20.0,18.69158878504673,239,48,20.0836820083682,BASEBALL_SAVANT_CURRENT_SEASON_VS_HAND,2026-08-28T17:22:47+00:00,CURRENT
660821,"Sánchez, Jesús",,2026,252.0,60.0,23.809523809523807,32.0,6.0,18.75,284,66,23.239436619718308,BASEBALL_SAVANT_CURRENT_SEASON_VS_HAND,2026-08-28T17:22:47+00:00,CURRENT
665487,"Tatis Jr., Fernando",,2026,453.0,82.0,18.101545253863137,129.0,26.0,20.155038759689923,582,108,18.55670103092784,BASEBALL_SAVANT_CURRENT_SEASON_VS_HAND,2026-08-28T17:22:47+00:00,CURRENT
665750,"Taveras, Leody",,2026,283.0,62.0,21.908127208480565,132.0,39.0,29.545454545454547,415,101,24.33734939759036,BASEBALL_SAVANT_CURRENT_SEASON_VS_HAND,2026-08-28T17:22:47+00:00,CURRENT
694374,"Tawa, Tim",,2026,185.0,40.0,21.62162162162162,67.0,17.0,25.37313432835821,252,57,22.61904761904762,BASEBALL_SAVANT_CURRENT_SEASON_VS_HAND,2026-08-28T17:22:47+00:00,CURRENT
669392,"Taylor, Samad",,2026,77.0,22.0,28.57142857142857,25.0,8.0,32.0,102,30,29.411764705882355,BASEBALL_SAVANT_CURRENT_SEASON_VS_HAND,2026-08-28T17:22:47+00:00,CURRENT
621438,"Taylor, Tyrone",,2026,104.0,17.0,16.346153846153847,93.0,20.0,21.50537634408602,197,37,18.781725888324875,BASEBALL_SAVANT_CURRENT_SEASON_VS_HAND,2026-08-28T17:22:47+00:00,CURRENT
691019,"Teel, Kyle",,2026,53.0,21.0,39.62264150943396,17.0,6.0,35.294117647058826,70,27,38.57142857142858,BASEBALL_SAVANT_CURRENT_SEASON_VS_HAND,2026-08-28T17:22:47+00:00,CURRENT
642133,"Tellez, Rowdy",,2026,9.0,3.0,33.33333333333333,2.0,0.0,0.0,11,3,27.27272727272727,BASEBALL_SAVANT_CURRENT_SEASON_VS_HAND,2026-08-28T17:22:47+00:00,CURRENT
677588,"Tena, José",,2026,244.0,75.0,30.737704918032787,19.0,7.0,36.84210526315789,263,82,31.1787072243346,BASEBALL_SAVANT_CURRENT_SEASON_VS_HAND,2026-08-28T17:22:47+00:00,CURRENT
669326,"Teodosio, Bryce",,2026,13.0,3.0,23.07692307692308,41.0,15.0,36.58536585365854,54,18,33.33333333333333,BASEBALL_SAVANT_CURRENT_SEASON_VS_HAND,2026-08-28T17:22:47+00:00,CURRENT
677950,"Thomas, Alek",,2026,98.0,23.0,23.46938775510204,18.0,4.0,22.22222222222222,116,27,23.27586206896552,BASEBALL_SAVANT_CURRENT_SEASON_VS_HAND,2026-08-28T17:22:47+00:00,CURRENT
687515,"Thomas, Colby",,2026,17.0,7.0,41.17647058823529,104.0,30.0,28.846153846153843,121,37,30.57851239669421,BASEBALL_SAVANT_CURRENT_SEASON_VS_HAND,2026-08-28T17:22:47+00:00,CURRENT
657041,"Thomas, Lane",,2026,207.0,53.0,25.60386473429952,157.0,35.0,22.29299363057325,364,88,24.17582417582417,BASEBALL_SAVANT_CURRENT_SEASON_VS_HAND,2026-08-28T17:22:47+00:00,CURRENT
694514,"Thompson, Sterlin",,2026,62.0,16.0,25.806451612903224,15.0,5.0,33.33333333333333,77,21,27.27272727272727,BASEBALL_SAVANT_CURRENT_SEASON_VS_HAND,2026-08-28T17:22:47+00:00,CURRENT
669911,"Toglia, Michael",,2026,22.0,10.0,45.45454545454545,6.0,2.0,33.33333333333333,28,12,42.85714285714285,BASEBALL_SAVANT_CURRENT_SEASON_VS_HAND,2026-08-28T17:22:47+00:00,CURRENT
686475,"Tolbert, Tyler",,2026,58.0,13.0,22.41379310344828,69.0,10.0,14.492753623188406,127,23,18.11023622047244,BASEBALL_SAVANT_CURRENT_SEASON_VS_HAND,2026-08-28T17:22:47+00:00,CURRENT
679529,"Torkelson, Spencer",,2026,371.0,121.0,32.61455525606469,145.0,41.0,28.27586206896552,516,162,31.3953488372093,BASEBALL_SAVANT_CURRENT_SEASON_VS_HAND,2026-08-28T17:22:47+00:00,CURRENT
620443,"Torrens, Luis",,2026,164.0,32.0,19.51219512195122,75.0,15.0,20.0,239,47,19.6652719665272,BASEBALL_SAVANT_CURRENT_SEASON_VS_HAND,2026-08-28T17:22:47+00:00,CURRENT
663494,"Torres, Bryan",,2026,107.0,23.0,21.49532710280374,29.0,4.0,13.79310344827586,136,27,19.852941176470587,BASEBALL_SAVANT_CURRENT_SEASON_VS_HAND,2026-08-28T17:22:47+00:00,CURRENT
650402,"Torres, Gleyber",,2026,240.0,44.0,18.33333333333333,93.0,17.0,18.27956989247312,333,61,18.31831831831832,BASEBALL_SAVANT_CURRENT_SEASON_VS_HAND,2026-08-28T17:22:47+00:00,CURRENT
678662,"Tovar, Ezequiel",,2026,310.0,70.0,22.58064516129032,131.0,40.0,30.53435114503817,441,110,24.94331065759637,BASEBALL_SAVANT_CURRENT_SEASON_VS_HAND,2026-08-28T17:22:47+00:00,CURRENT
666211,"Trammell, Taylor",,2026,188.0,61.0,32.4468085106383,33.0,8.0,24.24242424242424,221,69,31.22171945701357,BASEBALL_SAVANT_CURRENT_SEASON_VS_HAND,2026-08-28T17:22:47+00:00,CURRENT
624431,"Trevino, Jose",,2026,94.0,16.0,17.02127659574468,23.0,5.0,21.73913043478261,117,21,17.94871794871795,BASEBALL_SAVANT_CURRENT_SEASON_VS_HAND,2026-08-28T17:22:47+00:00,CURRENT
701649,"Triantos, James",,2026,6.0,1.0,16.666666666666664,3.0,1.0,33.33333333333333,9,2,22.22222222222222,BASEBALL_SAVANT_CURRENT_SEASON_VS_HAND,2026-08-28T17:22:47+00:00,CURRENT
669707,"Triolo, Jared",,2026,192.0,44.0,22.916666666666664,118.0,16.0,13.559322033898304,310,60,19.35483870967742,BASEBALL_SAVANT_CURRENT_SEASON_VS_HAND,2026-08-28T17:22:47+00:00,CURRENT
644433,"Tromp, Chadwick",,2026,33.0,9.0,27.27272727272727,18.0,4.0,22.22222222222222,51,13,25.49019607843137,BASEBALL_SAVANT_CURRENT_SEASON_VS_HAND,2026-08-28T17:22:47+00:00,CURRENT
545361,"Trout, Mike",,2026,366.0,95.0,25.956284153005463,149.0,35.0,23.48993288590604,515,130,25.24271844660194,BASEBALL_SAVANT_CURRENT_SEASON_VS_HAND,2026-08-28T17:22:47+00:00,CURRENT
694371,"Troy, Tommy",,2026,107.0,25.0,23.36448598130841,28.0,6.0,21.428571428571427,135,31,22.96296296296296,BASEBALL_SAVANT_CURRENT_SEASON_VS_HAND,2026-08-28T17:22:47+00:00,CURRENT
663656,"Tucker, Kyle",,2026,366.0,67.0,18.30601092896175,150.0,27.0,18.0,516,94,18.21705426356589,BASEBALL_SAVANT_CURRENT_SEASON_VS_HAND,2026-08-28T17:22:47+00:00,CURRENT
668930,"Turang, Brice",,2026,405.0,96.0,23.703703703703702,159.0,42.0,26.41509433962264,564,138,24.46808510638298,BASEBALL_SAVANT_CURRENT_SEASON_VS_HAND,2026-08-28T17:22:47+00:00,CURRENT
607208,"Turner, Trea",,2026,389.0,94.0,24.164524421593832,185.0,32.0,17.2972972972973,574,126,21.951219512195124,BASEBALL_SAVANT_CURRENT_SEASON_VS_HAND,2026-08-28T17:22:47+00:00,CURRENT
649966,"Urías, Luis",,2026,24.0,3.0,12.5,35.0,7.0,20.0,59,10,16.94915254237288,BASEBALL_SAVANT_CURRENT_SEASON_VS_HAND,2026-08-28T17:22:47+00:00,CURRENT
602104,"Urías, Ramón",,2026,54.0,8.0,14.814814814814811,27.0,4.0,14.814814814814811,81,12,14.814814814814811,BASEBALL_SAVANT_CURRENT_SEASON_VS_HAND,2026-08-28T17:22:47+00:00,CURRENT
699013,"Valdez, Esmerlyn",,2026,155.0,62.0,40.0,96.0,32.0,33.33333333333333,251,94,37.45019920318725,BASEBALL_SAVANT_CURRENT_SEASON_VS_HAND,2026-08-28T17:22:47+00:00,CURRENT
680664,"Valencia, Eduardo",,2026,37.0,7.0,18.91891891891892,35.0,14.0,40.0,72,21,29.166666666666668,BASEBALL_SAVANT_CURRENT_SEASON_VS_HAND,2026-08-28T17:22:47+00:00,CURRENT
678218,"Valenzuela, Brandon",,2026,172.0,47.0,27.325581395348834,66.0,16.0,24.24242424242424,238,63,26.47058823529412,BASEBALL_SAVANT_CURRENT_SEASON_VS_HAND,2026-08-28T17:22:47+00:00,CURRENT
671655,"Valera, George",,2026,36.0,7.0,19.444444444444446,2.0,1.0,50.0,38,8,21.052631578947366,BASEBALL_SAVANT_CURRENT_SEASON_VS_HAND,2026-08-28T17:22:47+00:00,CURRENT
545121,"Vargas, Ildemaro",,2026,277.0,30.0,10.830324909747292,143.0,12.0,8.391608391608392,420,42,10.0,BASEBALL_SAVANT_CURRENT_SEASON_VS_HAND,2026-08-28T17:22:47+00:00,CURRENT
678246,"Vargas, Miguel",,2026,400.0,72.0,18.0,178.0,29.0,16.292134831460675,578,101,17.474048442906575,BASEBALL_SAVANT_CURRENT_SEASON_VS_HAND,2026-08-28T17:22:47+00:00,CURRENT
662139,"Varsho, Daulton",,2026,340.0,69.0,20.294117647058822,111.0,22.0,19.81981981981982,451,91,20.17738359201774,BASEBALL_SAVANT_CURRENT_SEASON_VS_HAND,2026-08-28T17:22:47+00:00,CURRENT
683734,"Vaughn, Andrew",,2026,182.0,32.0,17.582417582417584,108.0,12.0,11.11111111111111,290,44,15.172413793103448,BASEBALL_SAVANT_CURRENT_SEASON_VS_HAND,2026-08-28T17:22:47+00:00,CURRENT
691728,"Veen, Zac",,2026,26.0,11.0,42.30769230769231,2.0,1.0,50.0,28,12,42.85714285714285,BASEBALL_SAVANT_CURRENT_SEASON_VS_HAND,2026-08-28T17:22:47+00:00,CURRENT
623205,"Velazquez, Andrew",,2026,11.0,1.0,9.090909090909092,4.0,1.0,25.0,15,2,13.333333333333334,BASEBALL_SAVANT_CURRENT_SEASON_VS_HAND,2026-08-28T17:22:47+00:00,CURRENT
676369,"Velázquez, Nelson",,2026,22.0,7.0,31.818181818181817,69.0,21.0,30.434782608695656,91,28,30.76923076923077,BASEBALL_SAVANT_CURRENT_SEASON_VS_HAND,2026-08-28T17:22:47+00:00,CURRENT
668901,"Vientos, Mark",,2026,159.0,42.0,26.41509433962264,95.0,19.0,20.0,254,61,24.015748031496063,BASEBALL_SAVANT_CURRENT_SEASON_VS_HAND,2026-08-28T17:22:47+00:00,CURRENT
663837,"Vierling, Matt",,2026,173.0,34.0,19.653179190751445,119.0,15.0,12.605042016806722,292,49,16.78082191780822,BASEBALL_SAVANT_CURRENT_SEASON_VS_HAND,2026-08-28T17:22:47+00:00,CURRENT
668723,"Vilade, Ryan",,2026,87.0,18.0,20.689655172413797,133.0,31.0,23.308270676691727,220,49,22.272727272727277,BASEBALL_SAVANT_CURRENT_SEASON_VS_HAND,2026-08-28T17:22:47+00:00,CURRENT
678391,"Vivas, Jorbit",,2026,261.0,38.0,14.559386973180075,36.0,3.0,8.333333333333332,297,41,13.804713804713806,BASEBALL_SAVANT_CURRENT_SEASON_VS_HAND,2026-08-28T17:22:47+00:00,CURRENT
683011,"Volpe, Anthony",,2026,107.0,29.0,27.102803738317757,87.0,16.0,18.39080459770115,194,45,23.195876288659797,BASEBALL_SAVANT_CURRENT_SEASON_VS_HAND,2026-08-28T17:22:47+00:00,CURRENT
681190,"Vásquez, Randy",,2026,1.0,0.0,0.0,,,,1,0,0.0,BASEBALL_SAVANT_CURRENT_SEASON_VS_HAND,2026-08-28T17:22:47+00:00,CURRENT
543877,"Vázquez, Christian",,2026,187.0,38.0,20.32085561497326,56.0,10.0,17.857142857142858,243,48,19.753086419753085,BASEBALL_SAVANT_CURRENT_SEASON_VS_HAND,2026-08-28T17:22:47+00:00,CURRENT
664774,"Wade Jr., LaMonte",,2026,101.0,23.0,22.77227722772277,14.0,4.0,28.57142857142857,115,27,23.47826086956522,BASEBALL_SAVANT_CURRENT_SEASON_VS_HAND,2026-08-28T17:22:47+00:00,CURRENT
676572,"Wagaman, Eric",,2026,9.0,2.0,22.22222222222222,44.0,10.0,22.727272727272727,53,12,22.641509433962263,BASEBALL_SAVANT_CURRENT_SEASON_VS_HAND,2026-08-28T17:22:47+00:00,CURRENT
695238,"Wagner, Will",,2026,44.0,7.0,15.909090909090908,1.0,0.0,0.0,45,7,15.555555555555555,BASEBALL_SAVANT_CURRENT_SEASON_VS_HAND,2026-08-28T17:22:47+00:00,CURRENT
814439,"Waldschmidt, Ryan",,2026,173.0,56.0,32.369942196531795,69.0,14.0,20.28985507246377,242,70,28.92561983471074,BASEBALL_SAVANT_CURRENT_SEASON_VS_HAND,2026-08-28T17:22:47+00:00,CURRENT
572233,"Walker, Christian",,2026,413.0,102.0,24.69733656174334,117.0,22.0,18.803418803418804,530,124,23.39622641509434,BASEBALL_SAVANT_CURRENT_SEASON_VS_HAND,2026-08-28T17:22:47+00:00,CURRENT
691023,"Walker, Jordan",,2026,405.0,105.0,25.925925925925924,155.0,31.0,20.0,560,136,24.285714285714285,BASEBALL_SAVANT_CURRENT_SEASON_VS_HAND,2026-08-28T17:22:47+00:00,CURRENT
670242,"Wallner, Matt",,2026,88.0,36.0,40.909090909090914,47.0,17.0,36.17021276595745,135,53,39.25925925925926,BASEBALL_SAVANT_CURRENT_SEASON_VS_HAND,2026-08-28T17:22:47+00:00,CURRENT
670764,"Walls, Taylor",,2026,249.0,65.0,26.10441767068273,130.0,27.0,20.76923076923077,379,92,24.274406332453825,BASEBALL_SAVANT_CURRENT_SEASON_VS_HAND,2026-08-28T17:22:47+00:00,CURRENT
622268,"Walton, Donovan",,2026,170.0,29.0,17.058823529411764,17.0,2.0,11.76470588235294,187,31,16.577540106951872,BASEBALL_SAVANT_CURRENT_SEASON_VS_HAND,2026-08-28T17:22:47+00:00,CURRENT
669899,"Ward, Ryan",,2026,57.0,15.0,26.31578947368421,3.0,2.0,66.66666666666666,60,17,28.33333333333333,BASEBALL_SAVANT_CURRENT_SEASON_VS_HAND,2026-08-28T17:22:47+00:00,CURRENT
621493,"Ward, Taylor",,2026,398.0,84.0,21.105527638190956,169.0,34.0,20.118343195266277,567,118,20.811287477954146,BASEBALL_SAVANT_CURRENT_SEASON_VS_HAND,2026-08-28T17:22:47+00:00,CURRENT
696135,"Watson, Kahlil",,2026,74.0,27.0,36.48648648648648,17.0,5.0,29.411764705882355,91,32,35.16483516483517,BASEBALL_SAVANT_CURRENT_SEASON_VS_HAND,2026-08-28T17:22:47+00:00,CURRENT
669224,"Wells, Austin",,2026,231.0,61.0,26.40692640692641,82.0,23.0,28.04878048780488,313,84,26.8370607028754,BASEBALL_SAVANT_CURRENT_SEASON_VS_HAND,2026-08-28T17:22:47+00:00,CURRENT
673995,"Wendzel, Davis",,2026,1.0,0.0,0.0,3.0,0.0,0.0,4,0,0.0,BASEBALL_SAVANT_CURRENT_SEASON_VS_HAND,2026-08-28T17:22:47+00:00,CURRENT
802139,"Wetherholt, JJ",,2026,371.0,59.0,15.902964959568733,208.0,34.0,16.346153846153847,579,93,16.06217616580311,BASEBALL_SAVANT_CURRENT_SEASON_VS_HAND,2026-08-28T17:22:47+00:00,CURRENT
694376,"Whitcomb, Shay",,2026,29.0,10.0,34.48275862068966,10.0,6.0,60.0,39,16,41.02564102564102,BASEBALL_SAVANT_CURRENT_SEASON_VS_HAND,2026-08-28T17:22:47+00:00,CURRENT
642201,"White, Eli",,2026,66.0,11.0,16.666666666666664,104.0,28.0,26.923076923076923,170,39,22.94117647058824,BASEBALL_SAVANT_CURRENT_SEASON_VS_HAND,2026-08-28T17:22:47+00:00,CURRENT
695720,"White, Tommy",,2026,84.0,11.0,13.095238095238097,55.0,11.0,20.0,139,22,15.827338129496402,BASEBALL_SAVANT_CURRENT_SEASON_VS_HAND,2026-08-28T17:22:47+00:00,CURRENT
686894,"Wiemer, Joey",,2026,41.0,15.0,36.58536585365854,44.0,14.0,31.818181818181817,85,29,34.11764705882353,BASEBALL_SAVANT_CURRENT_SEASON_VS_HAND,2026-08-28T17:22:47+00:00,CURRENT
675961,"Williams, Alika",,2026,71.0,19.0,26.76056338028169,90.0,19.0,21.11111111111111,161,38,23.60248447204969,BASEBALL_SAVANT_CURRENT_SEASON_VS_HAND,2026-08-28T17:22:47+00:00,CURRENT
700246,"Williams, Carson",,2026,23.0,6.0,26.08695652173913,17.0,7.0,41.17647058823529,40,13,32.5,BASEBALL_SAVANT_CURRENT_SEASON_VS_HAND,2026-08-28T17:22:47+00:00,CURRENT
663897,"Williams, Luke",,2026,,,,1.0,0.0,0.0,1,0,0.0,BASEBALL_SAVANT_CURRENT_SEASON_VS_HAND,2026-08-28T17:22:47+00:00,CURRENT
810938,"Williamson, Ben",,2026,150.0,28.0,18.666666666666668,121.0,23.0,19.00826446280992,271,51,18.81918819188192,BASEBALL_SAVANT_CURRENT_SEASON_VS_HAND,2026-08-28T17:22:47+00:00,CURRENT
805779,"Wilson, Jacob",,2026,221.0,27.0,12.217194570135746,116.0,12.0,10.344827586206897,337,39,11.572700296735905,BASEBALL_SAVANT_CURRENT_SEASON_VS_HAND,2026-08-28T17:22:47+00:00,CURRENT
642215,"Wilson, Weston",,2026,52.0,16.0,30.76923076923077,81.0,26.0,32.098765432098766,133,42,31.57894736842105,BASEBALL_SAVANT_CURRENT_SEASON_VS_HAND,2026-08-28T17:22:47+00:00,CURRENT
669717,"Wilson, Will",,2026,4.0,1.0,25.0,2.0,0.0,0.0,6,1,16.666666666666664,BASEBALL_SAVANT_CURRENT_SEASON_VS_HAND,2026-08-28T17:22:47+00:00,CURRENT
691026,"Winn, Masyn",,2026,362.0,79.0,21.823204419889503,128.0,26.0,20.3125,490,105,21.428571428571427,BASEBALL_SAVANT_CURRENT_SEASON_VS_HAND,2026-08-28T17:22:47+00:00,CURRENT
621550,"Wisdom, Patrick",,2026,25.0,8.0,32.0,23.0,11.0,47.82608695652174,48,19,39.58333333333333,BASEBALL_SAVANT_CURRENT_SEASON_VS_HAND,2026-08-28T17:22:47+00:00,CURRENT
677951,"Witt Jr., Bobby",,2026,375.0,71.0,18.933333333333334,138.0,19.0,13.768115942028986,513,90,17.543859649122805,BASEBALL_SAVANT_CURRENT_SEASON_VS_HAND,2026-08-28T17:22:47+00:00,CURRENT
657136,"Wong, Connor",,2026,146.0,39.0,26.71232876712329,61.0,9.0,14.754098360655735,207,48,23.18840579710145,BASEBALL_SAVANT_CURRENT_SEASON_VS_HAND,2026-08-28T17:22:47+00:00,CURRENT
695578,"Wood, James",,2026,358.0,95.0,26.53631284916201,179.0,58.0,32.402234636871505,537,153,28.49162011173184,BASEBALL_SAVANT_CURRENT_SEASON_VS_HAND,2026-08-28T17:22:47+00:00,CURRENT
669398,"Workman, Gage",,2026,41.0,17.0,41.46341463414634,,,,41,17,41.46341463414634,BASEBALL_SAVANT_CURRENT_SEASON_VS_HAND,2026-08-28T17:22:47+00:00,CURRENT
642851,"Wynns, Austin",,2026,52.0,14.0,26.923076923076923,37.0,10.0,27.027027027027028,89,24,26.96629213483146,BASEBALL_SAVANT_CURRENT_SEASON_VS_HAND,2026-08-28T17:22:47+00:00,CURRENT
573262,"Yastrzemski, Mike",,2026,299.0,69.0,23.07692307692308,36.0,13.0,36.11111111111111,335,82,24.47761194029851,BASEBALL_SAVANT_CURRENT_SEASON_VS_HAND,2026-08-28T17:22:47+00:00,CURRENT
592885,"Yelich, Christian",,2026,302.0,78.0,25.82781456953642,102.0,28.0,27.450980392156865,404,106,26.23762376237624,BASEBALL_SAVANT_CURRENT_SEASON_VS_HAND,2026-08-28T17:22:47+00:00,CURRENT
694377,"Yorke, Nick",,2026,52.0,8.0,15.384615384615383,54.0,14.0,25.925925925925924,106,22,20.75471698113208,BASEBALL_SAVANT_CURRENT_SEASON_VS_HAND,2026-08-28T17:22:47+00:00,CURRENT
807799,"Yoshida, Masataka",,2026,267.0,29.0,10.861423220973784,30.0,4.0,13.333333333333334,297,33,11.11111111111111,BASEBALL_SAVANT_CURRENT_SEASON_VS_HAND,2026-08-28T17:22:47+00:00,CURRENT
702284,"Young, Cole",,2026,363.0,55.0,15.151515151515152,175.0,35.0,20.0,538,90,16.728624535315987,BASEBALL_SAVANT_CURRENT_SEASON_VS_HAND,2026-08-28T17:22:47+00:00,CURRENT
696285,"Young, Jacob",,2026,273.0,47.0,17.216117216117215,136.0,22.0,16.176470588235293,409,69,16.87041564792176,BASEBALL_SAVANT_CURRENT_SEASON_VS_HAND,2026-08-28T17:22:47+00:00,CURRENT
676724,"Young, Jared",,2026,228.0,39.0,17.105263157894736,49.0,12.0,24.489795918367346,277,51,18.4115523465704,BASEBALL_SAVANT_CURRENT_SEASON_VS_HAND,2026-08-28T17:22:47+00:00,CURRENT
518595,"d'Arnaud, Travis",,2026,30.0,6.0,20.0,34.0,11.0,32.35294117647059,64,17,26.5625,BASEBALL_SAVANT_CURRENT_SEASON_VS_HAND,2026-08-28T17:22:47+00:00,CURRENT
